MapID;Name;Shape;Position;Rotation;Unk2C;Unk40;MapStudioLayer;UnkE08;MapID;UnkS04;UnkS0C;ActivationPartName;EntityID;SoundType;SoundID;ChildRegionNames[0];ChildRegionNames[1];ChildRegionNames[2];ChildRegionNames[3];ChildRegionNames[4];ChildRegionNames[5];ChildRegionNames[6];ChildRegionNames[7];ChildRegionNames[8];ChildRegionNames[9];ChildRegionNames[10];ChildRegionNames[11];ChildRegionNames[12];ChildRegionNames[13];ChildRegionNames[14];ChildRegionNames[15];UnkT49;
m10_00_00_00;エジンバラ城_穴ボコ風_01;SoulsFormats.MSB+Shape+Sphere;<-248.995, 63.486, 72.855>;<0, 0, 0>;7532;0;4294967295;255;-1;0;-1;;0;0;100002000;;;;;;;;;;;;;;;;;False;
m10_00_00_00;旗_01;SoulsFormats.MSB+Shape+Box;<-65.537, 15.985, 17.24>;<0, 10.068, 0>;7507;0;4294967295;255;-1;0;-1;;0;0;100001000;;;;;;;;;;;;;;;;;True;
m10_00_00_00;旗_02;SoulsFormats.MSB+Shape+Box;<-116.375, 12.512, -28.162>;<0, -22.553, 0>;7508;0;4294967295;255;-1;0;-1;;0;0;100001000;;;;;;;;;;;;;;;;;True;
m10_00_00_00;旗_03;SoulsFormats.MSB+Shape+Box;<-180.107, 47.268, 30.467>;<0, -23.4, 0>;7524;0;4294967295;255;-1;0;-1;;0;0;100001000;;;;;;;;;;;;;;;;;True;
m10_00_00_00;旗_04;SoulsFormats.MSB+Shape+Box;<-176.335, 67.469, 77.568>;<0, -24.213, 0>;7525;0;4294967295;255;-1;0;-1;;0;0;100001000;;;;;;;;;;;;;;;;;True;
m10_00_00_00;旗_05;SoulsFormats.MSB+Shape+Box;<-221.068, 54.265, 55.323>;<0, -27.767, 0>;7531;0;4294967295;255;-1;0;-1;;0;0;100001000;;;;;;;;;;;;;;;;;True;
m10_00_00_00;風_スタート地点;SoulsFormats.MSB+Shape+Box;<-25.83, -6.769, -18.873>;<0, 0, 0>;8000;0;4294967295;255;-1;0;-1;;0;0;100000000;;;;;;;;;;;;;;;;;False;
m10_00_00_00;風_城壁上;SoulsFormats.MSB+Shape+Box;<-293.539, 94.795, 157.893>;<0, 63.1, 0>;8001;0;4294967295;255;-1;0;-1;;0;0;100000001;;;;;;;;;;;;;;;;;False;
m10_00_00_00;木の葉_01;SoulsFormats.MSB+Shape+Box;<-136.912, 43.276, 80.713>;<0, 8.66, 0>;7533;0;4294967295;255;-1;0;-1;;0;0;100003000;;;;;;;;;;;;;;;;;True;
m10_00_00_00;木の葉_02;SoulsFormats.MSB+Shape+Box;<-232.871, 72.128, 192.764>;<0, -9.697, 0>;7579;0;4294967295;255;-1;0;-1;;0;0;100003000;;;;;;;;;;;;;;;;;True;
m10_00_00_00;木の葉_03;SoulsFormats.MSB+Shape+Box;<-183.991, 80.26, 235.053>;<0, 15.031, 0>;7580;0;4294967295;255;-1;0;-1;;0;0;100003000;;;;;;;;;;;;;;;;;True;
m10_00_00_00;木の葉_04;SoulsFormats.MSB+Shape+Box;<-166.217, 80.844, 255.877>;<0, 11.386, 0>;7581;0;4294967295;255;-1;0;-1;;0;0;100003000;;;;;;;;;;;;;;;;;True;
m10_01_00_00;吊り橋_1;SoulsFormats.MSB+Shape+Box;<-27.24, 23.515, -126.111>;<9.732, -8.432, -0>;7502;0;4294967295;255;-1;0;-1;;0;0;100002100;;;;;;;;;;;;;;;;;True;
m10_01_00_00;吊り橋_2;SoulsFormats.MSB+Shape+Box;<7.697, 11.03, -16.822>;<0, -49.5, 0>;7503;0;4294967295;255;-1;0;-1;;0;0;100002100;;;;;;;;;;;;;;;;;True;
m10_01_00_00;木の葉風_01;SoulsFormats.MSB+Shape+Box;<-18.359, 35.461, -126.591>;<18.291, -32.741, 0>;7500;0;4294967295;255;-1;0;-1;;0;0;100003000;;;;;;;;;;;;;;;;;True;
m10_01_00_00;木の葉風_02;SoulsFormats.MSB+Shape+Box;<-24.047, 12.925, -31.854>;<0, 0, 0>;7501;0;4294967295;255;-1;0;-1;;0;0;100003000;;;;;;;;;;;;;;;;;True;
m11_00_00_00;サウンド_海1;SoulsFormats.MSB+Shape+Box;<21.932, -51.023, -202.207>;<0, 0, 0>;7513;0;4294967295;255;-1;0;-1;;0;0;110005020;;;;;;;;;;;;;;;;;True;
m11_00_00_00;サウンド_海2;SoulsFormats.MSB+Shape+Box;<80.025, -50.793, -251.607>;<0, 0, 0>;7514;0;4294967295;255;-1;0;-1;;0;0;110005020;;;;;;;;;;;;;;;;;True;
m11_00_00_00;王都_下水_01_デカ水たまり;SoulsFormats.MSB+Shape+Box;<-213.004, -83.676, -149.34>;<0, 135, 0>;7502;0;4294967295;255;-1;0;-1;;0;0;110005001;;;;;;;;;;;;;;;;;True;
m11_00_00_00;王都_下水_02_デカ水たまり;SoulsFormats.MSB+Shape+Box;<-233.073, -73.66, -197.475>;<0, 135, 0>;7503;0;4294967295;255;-1;0;-1;;0;0;110005001;;;;;;;;;;;;;;;;;True;
m11_00_00_00;王都_下水_03_デカ水たまり;SoulsFormats.MSB+Shape+Box;<-282.02, -73.486, -165.802>;<0, 135, 0>;7504;0;4294967295;255;-1;0;-1;;0;0;110005001;;;;;;;;;;;;;;;;;True;
m11_00_00_00;王都_下水_04_デカ水たまり;SoulsFormats.MSB+Shape+Box;<-272.617, -76.64, -144.7>;<0, 135, 0>;7505;0;4294967295;255;-1;0;-1;;0;0;110005001;;;;;;;;;;;;;;;;;True;
m11_00_00_00;王都_下水_05_デカ水たまり;SoulsFormats.MSB+Shape+Box;<-191.431, -73.306, -148.301>;<0, 135, 0>;7506;0;4294967295;255;-1;0;-1;;0;0;110005001;;;;;;;;;;;;;;;;;True;
m11_00_00_00;王都_滝(小)_噴水近く;SoulsFormats.MSB+Shape+Box;<-168.353, -47.263, -266.189>;<0, 44.129, 0>;7509;0;4294967295;255;-1;0;-1;;0;0;110005100;;;;;;;;;;;;;;;;;True;
m11_00_00_00;王都地下下水_01;SoulsFormats.MSB+Shape+Box;<-182.687, -73.556, -247.646>;<0, 45.045, 0>;7500;0;4294967295;255;-1;0;-1;;0;0;110005100;;;;;;;;;;;;;;;;;True;
m11_00_00_00;環境音_落ち葉;SoulsFormats.MSB+Shape+Sphere;<-167.74469, 56.642532, -272.1397>;<0, 135, 0>;7515;0;4294967295;255;-1;0;-1;;0;0;110006000;;;;;;;;;;;;;;;;;True;
m11_05_00_00;環境音_炎上世界樹;SoulsFormats.MSB+Shape+Sphere;<52.206, 95.881, -437.813>;<0, 0, 0>;7500;0;4294967295;255;-1;0;-1;;0;0;110500000;;;;;;;;;;;;;;;;;False;
m11_10_00_00;サウンド_拠点炎上;SoulsFormats.MSB+Shape+Sphere;<-308.69, -8.397, -299.829>;<0, 0, 0>;7528;0;4294967295;255;-1;0;-1;;0;0;110100000;;;;;;;;;;;;;;;;;False;
m12_01_00_00;地下迷宮_川_毒01_最奥;SoulsFormats.MSB+Shape+Box;<-414.691, -373.828, -509.746>;<0, 175, 0>;7528;0;4294967295;255;-1;0;-1;;0;0;120005250;;;;;;;;;;;;;;;;;False;
m12_01_00_00;地下迷宮_川_毒02_最奥;SoulsFormats.MSB+Shape+Box;<-478.633, -373.744, -543.79>;<0, 175, 0>;7529;0;4294967295;255;-1;0;-1;;0;0;120005250;;;;;;;;;;;;;;;;;False;
m12_01_00_00;地下迷宮_川_毒03_最奥;SoulsFormats.MSB+Shape+Box;<-539.598, -373.724, -562.876>;<0, 175, 0>;7530;0;4294967295;255;-1;0;-1;;0;0;120005250;;;;;;;;;;;;;;;;;False;
m12_01_00_00;地下迷宮_滝_0010_下;SoulsFormats.MSB+Shape+Box;<-199.71, -280.974, 120.84>;<0, 0, 0>;7512;0;4294967295;255;-1;0;-1;;0;0;120005211;;;;;;;;;;;;;;;;;False;
m12_01_00_00;地下迷宮_滝_0011_下;SoulsFormats.MSB+Shape+Box;<-186.605, -280.828, 157.351>;<0, 9.841, 0>;7513;0;4294967295;255;-1;0;-1;;0;0;120005211;;;;;;;;;;;;;;;;;False;
m12_01_00_00;地下迷宮_滝_0012_一体型_小;SoulsFormats.MSB+Shape+Box;<371.466, -153.873, -8.287>;<0, 4.114, 0>;7501;0;4294967295;255;-1;0;-1;;0;0;120005100;;;;;;;;;;;;;;;;;False;
m12_01_00_00;地下迷宮_滝_0013_滝(大);SoulsFormats.MSB+Shape+Box;<334.23, -80.056, 382.862>;<0, 9.089, 0>;7500;0;4294967295;255;-1;0;-1;;0;0;120005000;;;;;;;;;;;;;;;;;False;
m12_01_00_00;地下迷宮_滝_0014_一体型_小;SoulsFormats.MSB+Shape+Box;<98.005, -214.018, -30.223>;<0, 22.096, 0>;7514;0;4294967295;255;-1;0;-1;;0;0;120005211;;;;;;;;;;;;;;;;;False;
m12_01_00_00;地下迷宮_滝_0015_毒(大);SoulsFormats.MSB+Shape+Box;<-418.189, -367.485, -469.229>;<0, -4.212, 0>;7525;0;4294967295;255;-1;0;-1;;0;0;120005230;;;;;;;;;;;;;;;;;False;
m12_01_00_00;地下迷宮_滝_0016_毒;SoulsFormats.MSB+Shape+Box;<-537.156, -386.085, -591.098>;<0, -7.219, 0>;7526;0;4294967295;255;-1;0;-1;;0;0;120005200;;;;;;;;;;;;;;;;;False;
m12_01_00_00;地下迷宮_滝_001_下;SoulsFormats.MSB+Shape+Box;<197.784, -205.96, -168.749>;<0, 0, 0>;7503;0;4294967295;255;-1;0;-1;;0;0;120005210;;;;;;;;;;;;;;;;;True;
m12_01_00_00;地下迷宮_滝_002_上;SoulsFormats.MSB+Shape+Box;<196.854, -175.509, -169.353>;<0, 0, 0>;7504;0;4294967295;255;-1;0;-1;;0;0;120005200;;;;;;;;;;;;;;;;;True;
m12_01_00_00;地下迷宮_滝_003_下;SoulsFormats.MSB+Shape+Box;<65.893, -170.415, 95.009>;<0, 25.01, 0>;7505;0;4294967295;255;-1;0;-1;;0;0;120005210;;;;;;;;;;;;;;;;;False;
m12_01_00_00;地下迷宮_滝_004_上;SoulsFormats.MSB+Shape+Box;<66.555, -152.794, 95.363>;<0, 23.861, 0>;7506;0;4294967295;255;-1;0;-1;;0;0;120005200;;;;;;;;;;;;;;;;;False;
m12_01_00_00;地下迷宮_滝_005_上;SoulsFormats.MSB+Shape+Box;<-271.323, -171.141, 159.891>;<0, -16.142, 0>;7507;0;4294967295;255;-1;0;-1;;0;0;120005201;;;;;;;;;;;;;;;;;False;
m12_01_00_00;地下迷宮_滝_006_上_どっちも一体型;SoulsFormats.MSB+Shape+Box;<-112.136, -227.723, 152.77>;<0, 25.123, 0>;7508;0;4294967295;255;-1;0;-1;;0;0;120005000;;;;;;;;;;;;;;;;;False;
m12_01_00_00;地下迷宮_滝_007_上;SoulsFormats.MSB+Shape+Box;<-185.586, -228.108, 137.062>;<0, 18.312, 0>;7509;0;4294967295;255;-1;0;-1;;0;0;120005201;;;;;;;;;;;;;;;;;False;
m12_01_00_00;地下迷宮_滝_009_下;SoulsFormats.MSB+Shape+Box;<-259.905, -280.686, 157.583>;<0, -42.473, 0>;7511;0;4294967295;255;-1;0;-1;;0;0;120005211;;;;;;;;;;;;;;;;;False;
m12_01_00_00;地下迷宮_滝_00_上(大);SoulsFormats.MSB+Shape+Box;<375.124, -159.118, 34.809>;<0, -15.165, 0>;7502;0;4294967295;255;-1;0;-1;;0;0;120005000;;;;;;;;;;;;;;;;;False;
m12_01_00_00;地下迷宮_滝下_毒_最奥;SoulsFormats.MSB+Shape+Box;<-417.715, -373.93, -474.494>;<0, 175, 0>;7527;0;4294967295;255;-1;0;-1;;0;0;120005240;;;;;;;;;;;;;;;;;True;
m12_01_00_00;地下迷宮_滝雰囲気_01;SoulsFormats.MSB+Shape+Box;<-229.307, -281.169, 142.329>;<0, -39.169, 0>;7520;0;4294967295;255;-1;0;-1;;0;0;120005220;;;;;;;;;;;;;;;;;True;
m12_02_00_00;海_水辺;SoulsFormats.MSB+Shape+Box;<873.506, -607.38, 1696.06>;<0, 33.449, 0>;7521;0;4294967295;255;-1;0;-1;;0;0;120005020;;;;;;;;;;;;;;;;;False;
m12_02_00_00;滝_遠目_01;SoulsFormats.MSB+Shape+Box;<1450.278, -832.755, 1835.141>;<-3.989, 23.743, -0>;7503;0;4294967295;255;-1;0;-1;;0;0;120005000;;;;;;;;;;;;;;;;;False;
m12_02_00_00;滝_下_追加;SoulsFormats.MSB+Shape+Box;<1289.508, -763.075, 1673.311>;<0, 44.162, 0>;7510;0;4294967295;255;-1;0;-1;;0;0;120005211;;;;;;;;;;;;;;;;;False;
m12_02_00_00;滝_小_01;SoulsFormats.MSB+Shape+Box;<1289.547, -752.674, 1673.405>;<0, 49.232, 0>;7505;0;4294967295;255;-1;0;-1;;0;0;120005100;;;;;;;;;;;;;;;;;False;
m12_02_00_00;滝_小_02;SoulsFormats.MSB+Shape+Box;<1311.754, -626.946, 1843.697>;<0, -34.53, 0>;7506;0;4294967295;255;-1;0;-1;;0;0;120005211;;;;;;;;;;;;;;;;;False;
m12_02_00_00;滝_小_03;SoulsFormats.MSB+Shape+Box;<1295.76, -656.491, 1771.957>;<0, -50.654, 0>;7518;0;4294967295;255;-1;0;-1;;0;0;120005100;;;;;;;;;;;;;;;;;False;
m12_02_00_00;滝_大_01;SoulsFormats.MSB+Shape+Box;<935.301, -858.019, 1305.197>;<0, 20.663, 0>;7500;0;4294967295;255;-1;0;-1;;0;0;120005200;;;;;;;;;;;;;;;;;True;
m12_02_00_00;滝_大_02;SoulsFormats.MSB+Shape+Box;<1302.208, -756.993, 1498.45>;<0, -58.129, 0>;7501;0;4294967295;255;-1;0;-1;;0;0;120005200;;;;;;;;;;;;;;;;;True;
m12_02_00_00;滝_大_02_下;SoulsFormats.MSB+Shape+Box;<1302.146, -820.777, 1498.29>;<0, -60.032, 0>;7513;0;4294967295;255;-1;0;-1;;0;0;120005211;;;;;;;;;;;;;;;;;False;
m12_02_00_00;滝_大_03;SoulsFormats.MSB+Shape+Box;<1355.005, -806.531, 1696.942>;<0, 2.058, 0>;7502;0;4294967295;255;-1;0;-1;;0;0;120005000;;;;;;;;;;;;;;;;;False;
m12_02_00_00;滝_大_04_ボス部屋;SoulsFormats.MSB+Shape+Box;<1176.84, -621.464, 1967.487>;<0, 15.791, 0>;7504;0;4294967295;255;-1;0;-1;;0;0;120005002;;;;;;;;;;;;;;;;;True;
m12_02_00_00;滝_大_05;SoulsFormats.MSB+Shape+Box;<1343.574, -785.933, 1889.639>;<0, -47.135, 0>;7517;0;4294967295;255;-1;0;-1;;0;0;120005000;;;;;;;;;;;;;;;;;False;
m12_02_00_00;滝_大_06_下;SoulsFormats.MSB+Shape+Box;<1294.826, -748.742, 1770.352>;<0, -48.713, 0>;7519;0;4294967295;255;-1;0;-1;;0;0;120005211;;;;;;;;;;;;;;;;;False;
m12_03_00_00;サウンド_環境音_[落ち葉];SoulsFormats.MSB+Shape+Sphere;<-703.2069, 111.220535, -302.6099>;<0, -8.346, 0>;7510;0;4294967295;255;-1;0;-1;;0;0;120300000;;;;;;;;;;;;;;;;;True;
m12_03_00_00;デカ滝_01;SoulsFormats.MSB+Shape+Box;<-679.832, 52.872, -490.259>;<0, -72.55, 0>;7500;0;4294967295;255;-1;0;-1;;0;0;120005000;;;;;;;;;;;;;;;;;True;
m12_03_00_00;死王子_ハエ溜まり;SoulsFormats.MSB+Shape+Box;<-345.36, 156.088, -176.133>;<0, 31.437, 0>;7509;0;4294967295;255;-1;0;-1;;0;0;120005400;;;;;;;;;;;;;;;;;False;
m12_03_00_00;滝_01_中;SoulsFormats.MSB+Shape+Box;<-850.041, 69.581, -366.483>;<0, -12.466, 0>;7501;0;4294967295;255;-1;0;-1;;0;0;120005001;;;;;;;;;;;;;;;;;True;
m12_03_00_00;滝_02_下_中;SoulsFormats.MSB+Shape+Box;<-579.858, 75.328, -236.4>;<0, 54.624, 0>;7503;0;4294967295;255;-1;0;-1;;0;0;120005211;;;;;;;;;;;;;;;;;True;
m12_03_00_00;滝_02_上_中;SoulsFormats.MSB+Shape+Box;<-575.707, 91.096, -241.886>;<0, -35.245, 0>;7502;0;4294967295;255;-1;0;-1;;0;0;120005200;;;;;;;;;;;;;;;;;True;
m12_03_00_00;滝_03_下_大;SoulsFormats.MSB+Shape+Box;<-487.706, 90.893, -497.266>;<0, 12.534, 0>;7507;0;4294967295;255;-1;0;-1;;0;0;120005211;;;;;;;;;;;;;;;;;True;
m12_03_00_00;滝_03_上_大;SoulsFormats.MSB+Shape+Box;<-488.144, 123.233, -496.938>;<0, 0, 0>;7504;0;4294967295;255;-1;0;-1;;0;0;120005001;;;;;;;;;;;;;;;;;True;
m12_03_00_00;滝_04_下_大;SoulsFormats.MSB+Shape+Box;<-475.111, 91.31, -445.449>;<0, -60.926, 0>;7506;0;4294967295;255;-1;0;-1;;0;0;120005211;;;;;;;;;;;;;;;;;True;
m12_03_00_00;滝_04_上_大;SoulsFormats.MSB+Shape+Box;<-473.21, 126.687, -445.375>;<0, 34.827, 0>;7505;0;4294967295;255;-1;0;-1;;0;0;120005001;;;;;;;;;;;;;;;;;True;
m12_03_00_00;滝_05_中;SoulsFormats.MSB+Shape+Box;<-166.683, 48.891, -589.853>;<0, -8.346, 0>;7508;0;4294967295;255;-1;0;-1;;0;0;120005000;;;;;;;;;;;;;;;;;True;
m12_04_00_00;デカ水溜まり;SoulsFormats.MSB+Shape+Box;<-107.973, -106.346, -261.523>;<0, 0, 0>;7500;0;4294967295;255;-1;0;-1;;0;0;120005010;;;;;;;;;;;;;;;;;True;
m12_05_00_00;サウンド_[呻き火の粉];SoulsFormats.MSB+Shape+Sphere;<1671.934, -553.766, 1193.531>;<0, 0, 0>;7505;0;4294967295;255;-1;0;-1;;0;0;120500000;;;;;;;;;;;;;;;;;False;
m12_05_00_00;ボス部屋_炎_01;SoulsFormats.MSB+Shape+Box;<1556.607, -505.864, 1204.04>;<0, 28.994, 0>;7503;0;4294967295;255;-1;0;-1;;0;0;120005500;;;;;;;;;;;;;;;;;False;
m12_05_00_00;ボス部屋_炎_02;SoulsFormats.MSB+Shape+Box;<1577.33, -506.175, 1251.257>;<0, 22.333, 0>;7504;0;4294967295;255;-1;0;-1;;0;0;120005500;;;;;;;;;;;;;;;;;False;
m12_07_00_00;滝_大_01_下;SoulsFormats.MSB+Shape+Box;<935.844, -891.178, 1307.659>;<0, 21.067, 0>;7500;0;4294967295;255;-1;0;-1;;0;0;120005210;;;;;;;;;;;;;;;;;False;
m13_00_00_00;Runtime_Sound_Point_211125_141013;SoulsFormats.MSB+Shape+Point;<263.5482, 89.49321, 89.24959>;<0, 0, 0>;7520;0;4294967295;255;-1;0;-1;;0;0;130001000;;;;;;;;;;;;;;;;;False;
m13_00_00_00;イントロ竜巻;SoulsFormats.MSB+Shape+Box;<260.105, 80.935, 94.124>;<0, 56.634, 0>;7518;0;4294967295;255;-1;0;-1;;0;0;130000100;;;;;;;;;;;;;;;;;True;
m13_00_00_00;サウンド_デカ水たまり;SoulsFormats.MSB+Shape+Box;<-71.698, -68.949, 102.369>;<0, -16.845, 0>;7516;0;4294967295;255;-1;0;-1;;0;0;130005000;;;;;;;;;;;;;;;;;True;
m13_00_00_00;サウンド_デカ水溜まり_2_屋内;SoulsFormats.MSB+Shape+Box;<50.224, -106.731, 497.496>;<0, 0, 0>;7525;0;4294967295;255;-1;0;-1;;0;0;130005000;;;;;;;;;;;;;;;;;True;
m13_00_00_00;サウンド_デカ水溜まり_3;SoulsFormats.MSB+Shape+Box;<-55.936, -68.37, 138.236>;<0, -55.674, 0>;7526;0;4294967295;255;-1;0;-1;;0;0;130005000;;;;;;;;;;;;;;;;;True;
m13_00_00_00;サウンド_開口部竜巻;SoulsFormats.MSB+Shape+Point;<-93.003, 39.103, 273.308>;<0, 128.924, 0>;7508;0;4294967295;255;-1;0;-1;;0;0;130000001;;;;;;;;;;;;;;;;;False;
m13_00_00_00;サウンド_開口部竜巻 {2};SoulsFormats.MSB+Shape+Box;<-147.121, 52.706, 227.928>;<0, 46.17, 0>;7509;0;4294967295;255;-1;0;-1;;0;0;130000003;;;;;;;;;;;;;;;;;False;
m13_00_00_00;サウンド_開口部竜巻 {3};SoulsFormats.MSB+Shape+Point;<-154.312, 48.515, 256.454>;<0, 0, 0>;7510;0;4294967295;255;-1;0;-1;;0;0;130000003;;;;;;;;;;;;;;;;;False;
m13_00_00_00;サウンド_開口部竜巻 {4};SoulsFormats.MSB+Shape+Box;<-123.543, 47.495, 203.109>;<0, 48.276, 0>;7511;0;4294967295;255;-1;0;-1;;0;0;130000003;;;;;;;;;;;;;;;;;False;
m13_00_00_00;サウンド_開口部竜巻 {5};SoulsFormats.MSB+Shape+Box;<-69.121, 47.428, 211.169>;<0, 41.797, 0>;7512;0;4294967295;255;-1;0;-1;;0;0;130000001;;;;;;;;;;;;;;;;;False;
m13_00_00_00;サウンド_開口部竜巻 {6};SoulsFormats.MSB+Shape+Point;<28.009, -23.985, 438.443>;<0, 0, 0>;7513;0;4294967295;255;-1;0;-1;;0;0;130000001;;;;;;;;;;;;;;;;;False;
m13_00_00_00;サウンド_開口部竜巻 {7};SoulsFormats.MSB+Shape+Point;<6.299, -44.982, 455.012>;<0, 0, 0>;7514;0;4294967295;255;-1;0;-1;;0;0;130000001;;;;;;;;;;;;;;;;;False;
m13_00_00_00;サウンド_開口部竜巻 {8};SoulsFormats.MSB+Shape+Point;<-106.776, -26.448, 388.241>;<0, 0, 0>;7515;0;4294967295;255;-1;0;-1;;0;0;130000003;;;;;;;;;;;;;;;;;False;
m13_00_00_00;サウンド_開口部竜巻 開所;SoulsFormats.MSB+Shape+Sphere;<-34.15, -37.621, 430.34>;<0, 0, 0>;7506;0;4294967295;255;-1;0;-1;;0;0;130000003;;;;;;;;;;;;;;;;;False;
m13_00_00_00;サウンド_開口部竜巻 行き止まり;SoulsFormats.MSB+Shape+Point;<127.83179, 55.646, 188.30353>;<0, 0, 0>;7502;0;4294967295;255;-1;0;-1;;0;0;130000002;;;;;;;;;;;;;;;;;False;
m13_00_00_00;サウンド_開口部竜巻 行き止まり {2};SoulsFormats.MSB+Shape+Point;<-6.872, -47.385, 345.009>;<0, 0, 0>;7505;0;4294967295;255;-1;0;-1;;0;0;130000002;;;;;;;;;;;;;;;;;False;
m13_00_00_00;サウンド_開口部竜巻竜巻;SoulsFormats.MSB+Shape+Point;<82.644516, 49.6577, 182.92781>;<0, 0, 0>;7503;0;4294967295;255;-1;0;-1;;0;0;130000001;;;;;;;;;;;;;;;;;False;
m13_00_00_00;サウンド_環境音_[竜巻と龍 遠景];SoulsFormats.MSB+Shape+Sphere;<50.212, -83.973, 677.049>;<0, 0, 0>;7527;0;4294967295;255;-1;0;-1;;0;0;130000004;;;;;;;;;;;;;;;;;False;
m13_00_00_00;サウンド_環境音_[竜巻と龍 遠景] {2};SoulsFormats.MSB+Shape+Box;<219.635, -156.438, 545.891>;<0, 0, 0>;7528;0;4294967295;255;-1;0;-1;;0;0;130000004;;;;;;;;;;;;;;;;;False;
m13_00_00_00;サウンド_滝(上);SoulsFormats.MSB+Shape+Box;<-89.651, -75.298, 89.816>;<0, -15.877, 0>;7517;0;4294967295;255;-1;0;-1;;0;0;130005200;;;;;;;;;;;;;;;;;True;
m13_00_00_00;サウンド_竜巻;SoulsFormats.MSB+Shape+Box;<49.247, -158.043, 288.148>;<0, 140, 0>;7500;0;4294967295;255;-1;0;-1;;0;0;130000000;;;;;;;;;;;;;;;;;False;
m14_00_00_00;カッコウ試し;SoulsFormats.MSB+Shape+Box;<-28.397, 49.723, -51.537>;<0, 16.271, 0>;7501;0;4294967295;255;-1;0;-1;;0;0;140000099;;;;;;;;;;;;;;;;;False;
m14_00_00_00;モンサン水車_ボックス配置試し;SoulsFormats.MSB+Shape+Box;<89.947, -38.03, -144.044>;<0, -4.916, 0>;7500;0;4294967295;255;-1;0;-1;;0;0;140001000;;;;;;;;;;;;;;;;;False;
m14_00_00_00;吊り橋_01;SoulsFormats.MSB+Shape+Box;<43.173, 39.141, -71.927>;<0, -18.839, 0>;7503;0;4294967295;255;-1;0;-1;;0;0;140002000;;;;;;;;;;;;;;;;;False;
m15_00_00_00;サウンド配置_デカ水たまり_ボス部屋;SoulsFormats.MSB+Shape+Box;<-2.057, 50.316, 492.964>;<0, 45.136, 0>;7528;0;4294967295;255;-1;0;-1;;0;0;150005000;;;;;;;;;;;;;;;;;True;
m15_00_00_00;サウンド配置_デカ滝_毒沼_01;SoulsFormats.MSB+Shape+Box;<21.838, 170.994, 524.686>;<0, 40.7, 0>;7504;0;4294967295;255;-1;0;-1;;0;0;150005230;;;;;;;;;;;;;;;;;True;
m15_00_00_00;サウンド配置_下水_デカ水たまり;SoulsFormats.MSB+Shape+Box;<121.367, 169.989, 491.817>;<0, 0, 0>;7502;0;4294967295;255;-1;0;-1;;0;0;150005000;;;;;;;;;;;;;;;;;True;
m15_00_00_00;サウンド配置_下水_川_01;SoulsFormats.MSB+Shape+Box;<95.36, 173.82, 491.238>;<0, 0, -14.52>;7501;0;4294967295;255;-1;0;-1;;0;0;150005300;;;;;;;;;;;;;;;;;True;
m15_00_00_00;サウンド配置_下水_川_02;SoulsFormats.MSB+Shape+Box;<136.105, 168.78, 491.001>;<0.071, -0, -18.64>;7503;0;4294967295;255;-1;0;-1;;0;0;150005300;;;;;;;;;;;;;;;;;True;
m15_00_00_00;サウンド配置_下水_滝;SoulsFormats.MSB+Shape+Sphere;<141.413, 167.877, 490.966>;<0, 0, 0>;7500;0;4294967295;255;-1;0;-1;;0;0;150005100;;;;;;;;;;;;;;;;;True;
m15_00_00_00;サウンド配置_海辺01;SoulsFormats.MSB+Shape+Box;<177.176, 95.512, 465.498>;<0, -12.417, 0>;7529;0;4294967295;255;-1;0;-1;;0;0;150005020;;;;;;;;;;;;;;;;;True;
m15_00_00_00;サウンド配置_海辺02;SoulsFormats.MSB+Shape+Box;<105.917, 95.84, 623.277>;<0, 53.507, 0>;7530;0;4294967295;255;-1;0;-1;;0;0;150005020;;;;;;;;;;;;;;;;;True;
m15_00_00_00;サウンド配置_毒沼_01;SoulsFormats.MSB+Shape+Box;<-2.616, 195.483, 552.4>;<-2.679, -16.912, -16.91>;7520;0;4294967295;255;-1;0;-1;;0;0;150005240;;;;;;;;;;;;;;;;;True;
m15_00_00_00;サウンド配置_毒沼_02;SoulsFormats.MSB+Shape+Box;<44.45, 191.983, 540.701>;<-3.503, 47.369, -0>;7521;0;4294967295;255;-1;0;-1;;0;0;150005240;;;;;;;;;;;;;;;;;True;
m15_00_00_00;サウンド配置_毒沼_03;SoulsFormats.MSB+Shape+Box;<23.66, 179.221, 445.464>;<0, -36.377, 0>;7522;0;4294967295;255;-1;0;-1;;0;0;150005240;;;;;;;;;;;;;;;;;True;
m16_00_00_00;配置サウンド_隠し_デカ水たまり_01;SoulsFormats.MSB+Shape+Box;<200.616, -132.31, -191.364>;<0, 0, 0>;7521;0;4294967295;255;-1;0;-1;;0;0;160005200;;;;;;;;;;;;;;;;;False;
m16_00_00_00;配置サウンド_隠し_デカ水たまり_02;SoulsFormats.MSB+Shape+Box;<241.692, -133.452, -252.635>;<0, -56.285, 0>;7527;0;4294967295;255;-1;0;-1;;0;0;160005200;;;;;;;;;;;;;;;;;False;
m16_00_00_00;配置サウンド_隠し_マグマ川_01;SoulsFormats.MSB+Shape+Box;<82.064, -46.327, -169.534>;<0.531, -4.217, -0.039>;7528;0;4294967295;255;-1;0;-1;;0;0;160005001;;;;;;;;;;;;;;;;;False;
m16_00_00_00;配置サウンド_隠し_マグマ川_02;SoulsFormats.MSB+Shape+Box;<110.095, -69.687, -177.915>;<0, 42.329, 0>;7530;0;4294967295;255;-1;0;-1;;0;0;160005001;;;;;;;;;;;;;;;;;False;
m16_00_00_00;配置サウンド_隠し_マグマ川_03;SoulsFormats.MSB+Shape+Box;<142.188, -116.571, -188.034>;<0, 22.314, 0>;7532;0;4294967295;255;-1;0;-1;;0;0;160005001;;;;;;;;;;;;;;;;;False;
m16_00_00_00;配置サウンド_隠し_マグマ川_04;SoulsFormats.MSB+Shape+Box;<164.754, -116.488, -170.417>;<0, -69.913, 0>;7533;0;4294967295;255;-1;0;-1;;0;0;160005001;;;;;;;;;;;;;;;;;False;
m16_00_00_00;配置サウンド_隠し_マグマ滝_01;SoulsFormats.MSB+Shape+Box;<99.169, -68.912, -167.864>;<0, 20.359, 0>;7529;0;4294967295;255;-1;0;-1;;0;0;160005101;;;;;;;;;;;;;;;;;False;
m16_00_00_00;配置サウンド_隠し_マグマ滝_02;SoulsFormats.MSB+Shape+Box;<123.47, -116.231, -180.071>;<0, 23.759, 0>;7531;0;4294967295;255;-1;0;-1;;0;0;160005101;;;;;;;;;;;;;;;;;False;
m16_00_00_00;配置サウンド_隠し_マグマ滝壺_01;SoulsFormats.MSB+Shape+Box;<123.397, -116.65, -181.604>;<0, 22.282, 0>;7534;0;4294967295;255;-1;0;-1;;0;0;160005111;;;;;;;;;;;;;;;;;False;
m16_00_00_00;配置サウンド_広場_キャンプファイヤー;SoulsFormats.MSB+Shape+Sphere;<-113.518, -32.987, -111.767>;<0, 0, 0>;7514;0;4294967295;255;-1;0;-1;;0;0;160000100;;;;;;;;;;;;;;;;;True;
m16_00_00_00;配置サウンド_溶岩_汎用[20]では鳴らさない;SoulsFormats.MSB+Shape+Point;<174.914, -115.54, -189.688>;<0, 4.385, 0>;7520;0;4294967295;255;-1;0;-1;;0;0;160001000;;;;;;;;;;;;;;;;;False;
m16_00_00_00;溶岩_強_01;SoulsFormats.MSB+Shape+Box;<-8.828, -37.075, -144.176>;<0, -26.033, 0>;7505;0;4294967295;255;-1;0;-1;;0;0;160005000;;;;;;;;;;;;;;;;;False;
m16_00_00_00;溶岩_強_02;SoulsFormats.MSB+Shape+Box;<-52.246, -54.376, -162.002>;<0, -24.887, 0>;7503;0;4294967295;255;-1;0;-1;;0;0;160005000;;;;;;;;;;;;;;;;;False;
m16_00_00_00;溶岩_滝01;SoulsFormats.MSB+Shape+Box;<11.034, -27.169, -143.034>;<0.197, -31.029, 0.328>;7500;0;4294967295;255;-1;0;-1;;0;0;160005100;;;;;;;;;;;;;;;;;False;
m16_00_00_00;溶岩_滝01_飛沫;SoulsFormats.MSB+Shape+Box;<7.1, -37.332, -144.066>;<0, -26.265, 0>;7506;0;4294967295;255;-1;0;-1;;0;0;160005110;;;;;;;;;;;;;;;;;True;
m16_00_00_00;溶岩_滝02;SoulsFormats.MSB+Shape+Box;<-36.712, -55.238, -161.359>;<0, -25.423, 0>;7501;0;4294967295;255;-1;0;-1;;0;0;160005100;;;;;;;;;;;;;;;;;False;
m16_00_00_00;溶岩_滝03;SoulsFormats.MSB+Shape+Box;<-166.865, -72.461, -185.696>;<0, -25.723, 0>;7502;0;4294967295;255;-1;0;-1;;0;0;160005100;;;;;;;;;;;;;;;;;False;
m16_00_00_00;溶岩_滝04;SoulsFormats.MSB+Shape+Box;<131.683, -15.184, -177.869>;<-0.822, 160.463, 0.292>;7511;0;4294967295;255;-1;0;-1;;0;0;160005100;;;;;;;;;;;;;;;;;False;
m16_00_00_00;溶岩_滝05;SoulsFormats.MSB+Shape+Box;<88.826, 3.358, -181.731>;<0, 18.736, 0>;7512;0;4294967295;255;-1;0;-1;;0;0;160005100;;;;;;;;;;;;;;;;;False;
m16_00_00_00;溶岩_中_01;SoulsFormats.MSB+Shape+Box;<-114.309, -54.576, -175.155>;<0, -23.357, 0>;7504;0;4294967295;255;-1;0;-1;;0;0;160005000;;;;;;;;;;;;;;;;;False;
m16_00_00_00;溶岩_中_02;SoulsFormats.MSB+Shape+Box;<-114.326, -54.415, -120.692>;<0, -29.045, 0>;7507;0;4294967295;255;-1;0;-1;;0;0;160005000;;;;;;;;;;;;;;;;;False;
m16_00_00_00;溶岩_中_03;SoulsFormats.MSB+Shape+Box;<5.097, -53.902, -201.159>;<0, -24.718, 0>;7508;0;4294967295;255;-1;0;-1;;0;0;160005000;;;;;;;;;;;;;;;;;False;
m16_00_00_00;溶岩_中_04;SoulsFormats.MSB+Shape+Box;<74.956, 33.593, -101.25>;<0, -13.505, 0>;7509;0;4294967295;255;-1;0;-1;;0;0;160005000;;;;;;;;;;;;;;;;;False;
m16_00_00_00;溶岩_中_05;SoulsFormats.MSB+Shape+Box;<67.996, 42.118, -31.364>;<0, 7.128, 0>;7510;0;4294967295;255;-1;0;-1;;0;0;160005000;;;;;;;;;;;;;;;;;False;
m16_00_00_00;溶岩_中_06;SoulsFormats.MSB+Shape+Box;<90.294, 14.02, -197.909>;<0, 9.017, 0>;7513;0;4294967295;255;-1;0;-1;;0;0;160005000;;;;;;;;;;;;;;;;;False;
m18_00_00_00;毒沼(緑);SoulsFormats.MSB+Shape+Box;<-132.937, 3.833, 48.491>;<0, -26.182, 0>;7500;0;4294967295;255;-1;0;-1;;0;0;180005400;;;;;;;;;;;;;;;;;True;
m30_00_00_00;サウンド_出入り口環境音;SoulsFormats.MSB+Shape+Sphere;<-96.772, 65.694, 113.025>;<0, 147.543, 0>;7500;0;4294967295;255;-1;0;-1;;0;0;600050000;;;;;;;;;;;;;;;;;False;
m30_01_00_00;サウンド_出入り口環境音;SoulsFormats.MSB+Shape+Sphere;<-21.548, 50.151, -47.52>;<0, 60.874, 0>;7510;0;4294967295;255;-1;0;-1;;0;0;600050000;;;;;;;;;;;;;;;;;False;
m30_01_00_00;デカ水溜まり;SoulsFormats.MSB+Shape+Box;<-3.279, 16.215, -127.037>;<0, -30.456, 0>;7509;0;4294967295;255;-1;0;-1;;0;0;300005000;;;;;;;;;;;;;;;;;False;
m30_03_00_00;サウンド_出入り口環境音;SoulsFormats.MSB+Shape+Sphere;<-16.698, 224.218, -23.505>;<0, -89.542, 0>;7500;0;4294967295;255;-1;0;-1;;0;0;600050000;;;;;;;;;;;;;;;;;False;
m30_05_00_00;サウンド_出入り口環境音;SoulsFormats.MSB+Shape+Sphere;<-73.693, 426.261, 103.438>;<0, 176.321, 0>;7501;0;4294967295;255;-1;0;-1;;0;0;600050000;;;;;;;;;;;;;;;;;False;
m30_05_00_00;地下_水たまり;SoulsFormats.MSB+Shape+Box;<-209.569, 396.19, 36.37>;<0, 0, 0>;7500;0;4294967295;255;-1;0;-1;;0;0;300005000;;;;;;;;;;;;;;;;;False;
m30_06_00_00;サウンド_出入り口環境音;SoulsFormats.MSB+Shape+Sphere;<83.026, 239.002, 69.789>;<0, -1.986, 0>;7500;0;4294967295;255;-1;0;-1;;0;0;600050000;;;;;;;;;;;;;;;;;False;
m30_07_00_00;サウンド_出入り口環境音;SoulsFormats.MSB+Shape+Sphere;<-128.346, 834.638, 113.776>;<0, -76.605, 0>;7503;0;4294967295;255;-1;0;-1;;0;0;600050000;;;;;;;;;;;;;;;;;False;
m30_07_00_00;デカ水たまり_01;SoulsFormats.MSB+Shape+Box;<-72.238, 770.065, 171.1>;<0, 0, 0>;7500;0;4294967295;255;-1;0;-1;;0;0;300005000;;;;;;;;;;;;;;;;;True;
m30_07_00_00;デカ水たまり_02;SoulsFormats.MSB+Shape+Box;<-75.333, 765.092, 88.103>;<0, 0, 0>;7501;0;4294967295;255;-1;0;-1;;0;0;300005000;;;;;;;;;;;;;;;;;True;
m30_07_00_00;デカ水たまり_03;SoulsFormats.MSB+Shape+Box;<-127.097, 820.007, 223.333>;<0, 0, 0>;7502;0;4294967295;255;-1;0;-1;;0;0;300005000;;;;;;;;;;;;;;;;;True;
m30_08_00_00;サウンド_出入り口環境音;SoulsFormats.MSB+Shape+Sphere;<54.374, 883.487, 7.128>;<0, 94.483, 0>;7514;0;4294967295;255;-1;0;-1;;0;0;600050000;;;;;;;;;;;;;;;;;False;
m30_08_00_00;デカ水溜まり_00;SoulsFormats.MSB+Shape+Box;<180.964, 761.728, 2.456>;<0, 97, 0>;7500;0;4294967295;255;-1;0;-1;;0;0;300005000;;;;;;;;;;;;;;;;;False;
m30_08_00_00;デカ水溜まり_01;SoulsFormats.MSB+Shape+Box;<209.084, 761.877, 29.305>;<0, 97, 0>;7501;0;4294967295;255;-1;0;-1;;0;0;300005000;;;;;;;;;;;;;;;;;False;
m30_09_00_00;サウンド_出入り口環境音;SoulsFormats.MSB+Shape+Sphere;<97.122, 901.616, 15.038>;<0, -4.348, 0>;7559;0;4294967295;255;-1;0;-1;;0;0;600050000;;;;;;;;;;;;;;;;;False;
m30_09_00_00;マグマスロープ_1_1;SoulsFormats.MSB+Shape+Box;<26.942, 744.709, -17.522>;<-0.418, -6.339, 18.568>;7500;0;4294967295;255;-1;0;-1;;0;0;300005100;;;;;;;;;;;;;;;;;True;
m30_09_00_00;マグマスロープ_1_2;SoulsFormats.MSB+Shape+Box;<-84.86, 702.326, -30.256>;<-0.331, -6.687, 19.985>;7501;0;4294967295;255;-1;0;-1;;0;0;300005100;;;;;;;;;;;;;;;;;True;
m30_09_00_00;マグマスロープ_1_3;SoulsFormats.MSB+Shape+Box;<-133.979, 685.384, -44.571>;<0, -6.203, 0>;7502;0;4294967295;255;-1;0;-1;;0;0;300005100;;;;;;;;;;;;;;;;;True;
m30_09_00_00;マグマスロープ_2;SoulsFormats.MSB+Shape+Box;<-89.063, 674.41, -30.916>;<-0, -6.559, 21.147>;7503;0;4294967295;255;-1;0;-1;;0;0;300005100;;;;;;;;;;;;;;;;;True;
m30_09_00_00;マグマスロープ_3;SoulsFormats.MSB+Shape+Box;<-24.416, 686.486, -43.497>;<0, -5.001, 0>;7504;0;4294967295;255;-1;0;-1;;0;0;300005100;;;;;;;;;;;;;;;;;True;
m30_10_00_00;サウンド_出入り口環境音;SoulsFormats.MSB+Shape+Sphere;<62.081, 952.222, 144.513>;<0, -79.986, 0>;7538;0;4294967295;255;-1;0;-1;;0;0;600050000;;;;;;;;;;;;;;;;;False;
m30_11_00_00;サウンド_出入り口環境音;SoulsFormats.MSB+Shape+Sphere;<-79.215, 192.623, 30.734>;<0, 88.19, 0>;7510;0;4294967295;255;-1;0;-1;;0;0;600050000;;;;;;;;;;;;;;;;;False;
m30_12_00_00;サウンド_出入り口環境音;SoulsFormats.MSB+Shape+Sphere;<-40.655, 653.798, 95.929>;<0, -73.655, 0>;7500;0;4294967295;255;-1;0;-1;;0;0;600050000;;;;;;;;;;;;;;;;;False;
m30_13_00_00;サウンド_出入り口環境音;SoulsFormats.MSB+Shape+Sphere;<108.356, 969.354, 21.903>;<0, 33.935, 0>;7502;0;4294967295;255;-1;0;-1;;0;0;600050000;;;;;;;;;;;;;;;;;False;
m30_13_00_00;デカ水たまり_01;SoulsFormats.MSB+Shape+Box;<28.175, 919.175, 69.892>;<0, 28.277, 0>;7500;0;4294967295;255;-1;0;-1;;0;0;300005000;;;;;;;;;;;;;;;;;True;
m30_13_00_00;デカ水たまり_02;SoulsFormats.MSB+Shape+Box;<25.087, 934.204, 48.631>;<0, -61.316, 0>;7501;0;4294967295;255;-1;0;-1;;0;0;300005000;;;;;;;;;;;;;;;;;True;
m30_14_00_00;サウンド_出入り口環境音;SoulsFormats.MSB+Shape+Sphere;<-54.009, 128.931, 93.777>;<0, 92.206, 0>;7502;0;4294967295;255;-1;0;-1;;0;0;600050000;;;;;;;;;;;;;;;;;False;
m30_14_00_00;毒沼_01;SoulsFormats.MSB+Shape+Box;<-50.296, 92.422, 65.37>;<0, 0, 0>;7500;0;4294967295;255;-1;0;-1;;0;0;300005400;;;;;;;;;;;;;;;;;True;
m30_14_00_00;毒沼_02;SoulsFormats.MSB+Shape+Box;<-113.373, 77.581, 42.691>;<0, 0, 0>;7501;0;4294967295;255;-1;0;-1;;0;0;300005400;;;;;;;;;;;;;;;;;True;
m30_15_00_00;サウンド_出入り口環境音;SoulsFormats.MSB+Shape+Sphere;<95.451, 54.399, 64.199>;<0, -129.366, 0>;7503;0;4294967295;255;-1;0;-1;;0;0;600050000;;;;;;;;;;;;;;;;;False;
m30_15_00_00;毒沼_01;SoulsFormats.MSB+Shape+Box;<70.72, 43.715, 111.346>;<0, -48.468, 0>;7500;0;4294967295;255;-1;0;-1;;0;0;300005400;;;;;;;;;;;;;;;;;True;
m30_15_00_00;毒沼_02;SoulsFormats.MSB+Shape+Box;<57.076, 34.162, 159.092>;<0, -50.557, 0>;7501;0;4294967295;255;-1;0;-1;;0;0;300005400;;;;;;;;;;;;;;;;;True;
m30_15_00_00;毒沼_03;SoulsFormats.MSB+Shape+Box;<75.085, 28.464, 197.414>;<0, 40.076, 0>;7502;0;4294967295;255;-1;0;-1;;0;0;300005400;;;;;;;;;;;;;;;;;True;
m30_16_00_00;サウンド_出入り口環境音;SoulsFormats.MSB+Shape+Sphere;<37.633, 5.253, -146.915>;<0, 5.118, 0>;7504;0;4294967295;255;-1;0;-1;;0;0;600050000;;;;;;;;;;;;;;;;;False;
m30_16_00_00;デカ水たまり_01;SoulsFormats.MSB+Shape+Box;<27.721, -20.836, -99.791>;<0, 0, 0>;7502;0;4294967295;255;-1;0;-1;;0;0;300005000;;;;;;;;;;;;;;;;;True;
m30_16_00_00;毒沼_01;SoulsFormats.MSB+Shape+Box;<-24.139, -20.847, -90.048>;<0, 0, 0>;7500;0;4294967295;255;-1;0;-1;;0;0;300005400;;;;;;;;;;;;;;;;;True;
m30_16_00_00;毒沼_02;SoulsFormats.MSB+Shape+Box;<9.69, -10.85, -90.343>;<0, 0, 0>;7501;0;4294967295;255;-1;0;-1;;0;0;300005400;;;;;;;;;;;;;;;;;True;
m30_17_00_00;サウンド_出入り口環境音;SoulsFormats.MSB+Shape+Sphere;<-70.862, 1653.401, 119.606>;<0, -76.176, 0>;7501;0;4294967295;255;-1;0;-1;;0;0;600050000;;;;;;;;;;;;;;;;;False;
m30_17_00_00;デカ水たまり_01;SoulsFormats.MSB+Shape+Box;<-164.432, 1486.913, 65.864>;<0, 0, 0>;7500;0;4294967295;255;-1;0;-1;;0;0;300005000;;;;;;;;;;;;;;;;;True;
m30_18_00_00;サウンド_出入り口環境音;SoulsFormats.MSB+Shape+Sphere;<26.287, 1577.575, 115.324>;<0, -1.046, 0>;7501;0;4294967295;255;-1;0;-1;;0;0;600050000;;;;;;;;;;;;;;;;;False;
m30_19_00_00;サウンド_出入り口環境音;SoulsFormats.MSB+Shape+Sphere;<-75.333, 1358.898, -84.836>;<0, 104.557, 0>;7501;0;4294967295;255;-1;0;-1;;0;0;600050000;;;;;;;;;;;;;;;;;False;
m30_19_00_00;デカ水たまり;SoulsFormats.MSB+Shape+Box;<-12.627, 1365.112, -112.694>;<0, 15.599, 0>;7500;0;4294967295;255;-1;0;-1;;0;0;300005000;;;;;;;;;;;;;;;;;True;
m30_20_00_00;サウンド_出入り口環境音;SoulsFormats.MSB+Shape+Sphere;<-104.513, 1337.932, -113.784>;<0, 2.81, 0>;7500;0;4294967295;255;-1;0;-1;;0;0;600050000;;;;;;;;;;;;;;;;;False;
m31_01_00_00;サウンド_出入り口環境音;SoulsFormats.MSB+Shape+Sphere;<-98.814, 0.694, -34.19>;<0, -99.008, 0>;7501;0;4294967295;255;-1;0;-1;;0;0;600050000;;;;;;;;;;;;;;;;;False;
m31_01_00_00;デカ水溜まり;SoulsFormats.MSB+Shape+Box;<-156.251, -44.43, -128.671>;<0, -167.948, 0>;7500;0;4294967295;255;-1;0;-1;;0;0;310005000;;;;;;;;;;;;;;;;;False;
m31_02_00_00;サウンド_出入り口環境音;SoulsFormats.MSB+Shape+Sphere;<-107.972, 8.205, 32.55>;<0, 148.66, 0>;7511;0;4294967295;255;-1;0;-1;;0;0;600050000;;;;;;;;;;;;;;;;;False;
m31_02_00_00;毒沼_01;SoulsFormats.MSB+Shape+Box;<-234.371, -23.447, -0.262>;<0, 11.516, 0>;7500;0;4294967295;255;-1;0;-1;;0;0;310005410;;;;;;;;;;;;;;;;;False;
m31_02_00_00;毒沼_02;SoulsFormats.MSB+Shape+Box;<-250.72, -27.67, 55.717>;<0, 0, 0>;7501;0;4294967295;255;-1;0;-1;;0;0;310005410;;;;;;;;;;;;;;;;;False;
m31_02_00_00;毒沼_03;SoulsFormats.MSB+Shape+Box;<-296.124, -25.787, 7.044>;<0, 46.81, 0>;7502;0;4294967295;255;-1;0;-1;;0;0;310005410;;;;;;;;;;;;;;;;;False;
m31_02_00_00;毒沼_04;SoulsFormats.MSB+Shape+Box;<-240.077, -23.802, 22.362>;<0, 9.703, 0>;7504;0;4294967295;255;-1;0;-1;;0;0;310005410;;;;;;;;;;;;;;;;;False;
m31_02_00_00;毒沼滝_01;SoulsFormats.MSB+Shape+Box;<-241.918, -27.246, 31.576>;<0, 0, 0>;7503;0;4294967295;255;-1;0;-1;;0;0;310005420;;;;;;;;;;;;;;;;;False;
m31_04_00_00;サウンド_出入り口環境音;SoulsFormats.MSB+Shape+Sphere;<8.749, 239.235, -32.831>;<0, 131.927, 0>;7543;0;4294967295;255;-1;0;-1;;0;0;600050000;;;;;;;;;;;;;;;;;False;
m31_04_00_00;毒沼(赤)_01;SoulsFormats.MSB+Shape+Box;<-0.815, 213.623, -77.912>;<0, -44.384, 0>;7536;0;4294967295;255;-1;0;-1;;0;0;310005410;;;;;;;;;;;;;;;;;False;
m31_04_00_00;毒沼(赤)_02;SoulsFormats.MSB+Shape+Box;<-3.234, 213.386, -117.243>;<0, -46.484, 0>;7537;0;4294967295;255;-1;0;-1;;0;0;310005410;;;;;;;;;;;;;;;;;False;
m31_04_00_00;毒沼(赤)_03;SoulsFormats.MSB+Shape+Box;<25.124, 210.393, -139.559>;<0, -45.722, 0>;7538;0;4294967295;255;-1;0;-1;;0;0;310005410;;;;;;;;;;;;;;;;;False;
m31_04_00_00;毒沼(赤)_04;SoulsFormats.MSB+Shape+Box;<38.696, 205.03, -157.767>;<-4.291, -45.082, 0>;7540;0;4294967295;255;-1;0;-1;;0;0;310005410;;;;;;;;;;;;;;;;;False;
m31_04_00_00;毒沼(赤)_05;SoulsFormats.MSB+Shape+Box;<82.35, 198.393, -174.336>;<0, -16.915, 0>;7542;0;4294967295;255;-1;0;-1;;0;0;310005410;;;;;;;;;;;;;;;;;False;
m31_04_00_00;毒沼滝(赤)_01;SoulsFormats.MSB+Shape+Box;<28.118, 206.736, -146.521>;<0, 48.339, 0>;7539;0;4294967295;255;-1;0;-1;;0;0;310005420;;;;;;;;;;;;;;;;;False;
m31_04_00_00;毒沼滝(赤)_02;SoulsFormats.MSB+Shape+Box;<50.119, 200.604, -168.714>;<0, -46.452, 0>;7541;0;4294967295;255;-1;0;-1;;0;0;310005420;;;;;;;;;;;;;;;;;False;
m31_05_00_00;サウンド_出入り口環境音;SoulsFormats.MSB+Shape+Sphere;<-93.594, 237.703, 38.022>;<0, 168.537, 0>;7501;0;4294967295;255;-1;0;-1;;0;0;600050000;;;;;;;;;;;;;;;;;False;
m31_05_00_00;小さい滝;SoulsFormats.MSB+Shape+Box;<-185.361, 209.645, 45.152>;<0, -6.094, 0>;7500;0;4294967295;255;-1;0;-1;;0;0;310005100;;;;;;;;;;;;;;;;;False;
m31_06_00_00;サウンド_出入り口環境音;SoulsFormats.MSB+Shape+Sphere;<66.055, 238.186, 120.677>;<0, 91.254, 0>;7539;0;4294967295;255;-1;0;-1;;0;0;600050000;;;;;;;;;;;;;;;;;False;
m31_06_00_00;デカ水たまり_02;SoulsFormats.MSB+Shape+Box;<181.214, 216.008, 117.901>;<0, -2.771, 0>;7537;0;4294967295;255;-1;0;-1;;0;0;310005000;;;;;;;;;;;;;;;;;True;
m31_06_00_00;デカ水たまり_03;SoulsFormats.MSB+Shape+Box;<182.585, 215.992, 87.371>;<0, -3.005, 0>;7538;0;4294967295;255;-1;0;-1;;0;0;310005000;;;;;;;;;;;;;;;;;True;
m31_06_00_00;デカ水溜まり;SoulsFormats.MSB+Shape+Box;<122.921, 215.057, 64.101>;<0, 0, 0>;7500;0;4294967295;255;-1;0;-1;;0;0;310005000;;;;;;;;;;;;;;;;;True;
m31_07_00_00;サウンド_出入り口環境音;SoulsFormats.MSB+Shape+Sphere;<-3.822, 801.952, 135.475>;<0, 159.792, 0>;7510;0;4294967295;255;-1;0;-1;;0;0;600050000;;;;;;;;;;;;;;;;;False;
m31_07_00_00;毒沼(赤)_00;SoulsFormats.MSB+Shape+Box;<-58.71, 764.022, 207.881>;<0, -39.263, 0>;7500;0;4294967295;255;-1;0;-1;;0;0;310005410;;;;;;;;;;;;;;;;;False;
m31_07_00_00;毒沼(赤)_01;SoulsFormats.MSB+Shape+Box;<-95.362, 763.406, 219.73>;<0, -38.846, 0>;7501;0;4294967295;255;-1;0;-1;;0;0;310005410;;;;;;;;;;;;;;;;;False;
m31_07_00_00;毒沼(赤)_02;SoulsFormats.MSB+Shape+Box;<-88.557, 769.229, 165.782>;<0, 0, 0>;7502;0;4294967295;255;-1;0;-1;;0;0;310005410;;;;;;;;;;;;;;;;;False;
m31_07_00_00;毒沼(赤)_04;SoulsFormats.MSB+Shape+Box;<-161.447, 757.21, 206.033>;<0, -15.515, 0>;7504;0;4294967295;255;-1;0;-1;;0;0;310005410;;;;;;;;;;;;;;;;;False;
m31_07_00_00;毒沼(赤)_05;SoulsFormats.MSB+Shape+Box;<-158.428, 757.54, 184.93>;<0, -48.606, 0>;7505;0;4294967295;255;-1;0;-1;;0;0;310005410;;;;;;;;;;;;;;;;;False;
m31_07_00_00;毒沼(赤)_06;SoulsFormats.MSB+Shape+Box;<-144.859, 718.017, 266.109>;<0, 0, 0>;7506;0;4294967295;255;-1;0;-1;;0;0;310005410;;;;;;;;;;;;;;;;;False;
m31_07_00_00;毒沼(赤)_07;SoulsFormats.MSB+Shape+Box;<-119.344, 718.244, 279.814>;<0, 35.893, 0>;7507;0;4294967295;255;-1;0;-1;;0;0;310005410;;;;;;;;;;;;;;;;;False;
m31_07_00_00;毒沼(赤)_08;SoulsFormats.MSB+Shape+Box;<-113.339, 718.032, 258.991>;<0, 27.278, 0>;7508;0;4294967295;255;-1;0;-1;;0;0;310005410;;;;;;;;;;;;;;;;;False;
m31_07_00_00;毒沼(赤)_09;SoulsFormats.MSB+Shape+Box;<-130.957, 718.133, 245.999>;<0, 7.503, 0>;7509;0;4294967295;255;-1;0;-1;;0;0;310005410;;;;;;;;;;;;;;;;;False;
m31_07_00_00;毒沼滝(赤)_03;SoulsFormats.MSB+Shape+Box;<-147.478, 757.631, 191.893>;<0, 39.616, 0>;7503;0;4294967295;255;-1;0;-1;;0;0;310005420;;;;;;;;;;;;;;;;;False;
m31_09_00_00;サウンド_出入り口環境音;SoulsFormats.MSB+Shape+Sphere;<-60.089, 1035.345, -58.071>;<0, -11.873, 0>;7500;0;4294967295;255;-1;0;-1;;0;0;600050000;;;;;;;;;;;;;;;;;False;
m31_10_00_00;サウンド_出入り口環境音;SoulsFormats.MSB+Shape+Sphere;<1.51, 162.215, 92.87>;<0, 171.502, 0>;7516;0;4294967295;255;-1;0;-1;;0;0;600050000;;;;;;;;;;;;;;;;;False;
m31_10_00_00;嵐漏れ_01;SoulsFormats.MSB+Shape+Sphere;<27.204, 159.909, 64.457>;<0, 0, 0>;7500;0;4294967295;255;-1;0;-1;;0;0;600050000;;;;;;;;;;;;;;;;;True;
m31_10_00_00;嵐漏れ_02;SoulsFormats.MSB+Shape+Sphere;<1.553, 156.369, 64.593>;<0, 0, 0>;7501;0;4294967295;255;-1;0;-1;;0;0;600050000;;;;;;;;;;;;;;;;;True;
m31_10_00_00;嵐漏れ_03;SoulsFormats.MSB+Shape+Sphere;<32.774, 133.514, 41.916>;<0, 0, 0>;7502;0;4294967295;255;-1;0;-1;;0;0;600050000;;;;;;;;;;;;;;;;;True;
m31_10_00_00;嵐漏れ_04;SoulsFormats.MSB+Shape+Sphere;<33.142, 117.872, 14.211>;<0, 0, 0>;7503;0;4294967295;255;-1;0;-1;;0;0;600050000;;;;;;;;;;;;;;;;;True;
m31_11_00_00;サウンド_出入り口環境音;SoulsFormats.MSB+Shape+Sphere;<122.685, 209.441, 58.464>;<0, 25.704, 0>;7502;0;4294967295;255;-1;0;-1;;0;0;600050000;;;;;;;;;;;;;;;;;False;
m31_11_00_00;デカ水たまり_01;SoulsFormats.MSB+Shape+Box;<25.745, 156.925, 97.522>;<0, 131.817, 0>;7500;0;4294967295;255;-1;0;-1;;0;0;310005000;;;;;;;;;;;;;;;;;False;
m31_11_00_00;デカ水たまり_02;SoulsFormats.MSB+Shape+Box;<41.587, 149.335, 138.714>;<0, -0.262, 0>;7501;0;4294967295;255;-1;0;-1;;0;0;310005000;;;;;;;;;;;;;;;;;False;
m31_12_00_00;サウンド_出入り口環境音;SoulsFormats.MSB+Shape+Sphere;<-57.542, 1256.816, 36.201>;<0, -163.237, 0>;7500;0;4294967295;255;-1;0;-1;;0;0;600050000;;;;;;;;;;;;;;;;;False;
m31_15_00_00;Runtime_Sound_デカ水たまり;SoulsFormats.MSB+Shape+Box;<15.271, -29.424, -120.74>;<-0.024, 19.526, 0.388>;7500;0;4294967295;255;-1;0;-1;;0;0;310005000;;;;;;;;;;;;;;;;;False;
m31_15_00_00;サウンド_出入り口環境音;SoulsFormats.MSB+Shape+Sphere;<46.44, 1.758, -49.43>;<0, 10.945, 0>;7501;0;4294967295;255;-1;0;-1;;0;0;600050000;;;;;;;;;;;;;;;;;False;
m31_17_00_00;デカ水たまり;SoulsFormats.MSB+Shape+Box;<72.88, -10.395, 175.812>;<0, 0, 0>;7502;0;4294967295;255;-1;0;-1;;0;0;310005000;;;;;;;;;;;;;;;;;False;
m31_17_00_00;滝_03_雰囲気;SoulsFormats.MSB+Shape+Box;<79.87, 2.276, 273.722>;<0, -9.018, 0>;7533;0;4294967295;255;-1;0;-1;;0;0;310005220;;;;;;;;;;;;;;;;;True;
m31_17_00_00;滝_04_雰囲気;SoulsFormats.MSB+Shape+Box;<80.355, 1.633, 237.667>;<0, -18.217, 0>;7534;0;4294967295;255;-1;0;-1;;0;0;310005220;;;;;;;;;;;;;;;;;True;
m31_17_00_00;滝_下_01;SoulsFormats.MSB+Shape+Box;<75.222, -6.106, 235.534>;<0, 0, 0>;7531;0;4294967295;255;-1;0;-1;;0;0;310005210;;;;;;;;;;;;;;;;;True;
m31_17_00_00;滝_下_02;SoulsFormats.MSB+Shape+Box;<75.269, -5.883, 278.06>;<0, -17.101, 0>;7532;0;4294967295;255;-1;0;-1;;0;0;310005210;;;;;;;;;;;;;;;;;True;
m31_17_00_00;滝中_小川;SoulsFormats.MSB+Shape+Box;<67.344, 7.777, 302.563>;<-7.766, -12.55, 1.253>;7500;0;4294967295;255;-1;0;-1;;0;0;310005300;;;;;;;;;;;;;;;;;False;
m31_17_00_00;滝中_小川2;SoulsFormats.MSB+Shape+Box;<75.177, -6.951, 226.188>;<-20.27, 0, 0>;7501;0;4294967295;255;-1;0;-1;;0;0;310005300;;;;;;;;;;;;;;;;;False;
m31_17_00_00;洞窟内_滝(小);SoulsFormats.MSB+Shape+Box;<70.919, 11.398, 318.922>;<-8.484, -9.315, 1.306>;7530;0;4294967295;255;-1;0;-1;;0;0;310005100;;;;;;;;;;;;;;;;;False;
m31_18_00_00;サウンド_出入り口環境音;SoulsFormats.MSB+Shape+Sphere;<49.768, 840.275, 15.837>;<0, 5.454, 0>;7501;0;4294967295;255;-1;0;-1;;0;0;600050000;;;;;;;;;;;;;;;;;False;
m31_18_00_00;デカ水たまり_1;SoulsFormats.MSB+Shape+Box;<-85.727, 789.795, 193.598>;<0, -29.426, 0>;7500;0;4294967295;255;-1;0;-1;;0;0;310005000;;;;;;;;;;;;;;;;;True;
m31_19_00_00;サウンド_出入り口環境音;SoulsFormats.MSB+Shape+Sphere;<94.704, 656.971, -59.318>;<0, 63.097, 0>;7513;0;4294967295;255;-1;0;-1;;0;0;600050000;;;;;;;;;;;;;;;;;False;
m31_19_00_00;デカ水たまり;SoulsFormats.MSB+Shape+Box;<127.109, 622.524, -21.913>;<0, 12.243, 0>;7505;0;4294967295;255;-1;0;-1;;0;0;310005000;;;;;;;;;;;;;;;;;False;
m31_19_00_00;川_01;SoulsFormats.MSB+Shape+Box;<150.328, 647.295, -45.464>;<-7.59, 9.066, 0.058>;7500;0;4294967295;255;-1;0;-1;;0;0;310005300;;;;;;;;;;;;;;;;;False;
m31_19_00_00;川_02;SoulsFormats.MSB+Shape+Box;<122.975, 635.107, -99.684>;<0, -12.182, 0>;7503;0;4294967295;255;-1;0;-1;;0;0;310005300;;;;;;;;;;;;;;;;;True;
m31_19_00_00;滝(小);SoulsFormats.MSB+Shape+Box;<119.602, 639.887, -80.732>;<0, 0, 0>;7504;0;4294967295;255;-1;0;-1;;0;0;310005101;;;;;;;;;;;;;;;;;False;
m31_19_00_00;滝_下;SoulsFormats.MSB+Shape+Box;<146.808, 621.673, -67.951>;<0, -42.571, 0>;7502;0;4294967295;255;-1;0;-1;;0;0;310005210;;;;;;;;;;;;;;;;;True;
m31_19_00_00;滝_上;SoulsFormats.MSB+Shape+Box;<147.625, 641.33, -66.667>;<0, -45.887, 0>;7501;0;4294967295;255;-1;0;-1;;0;0;310005200;;;;;;;;;;;;;;;;;True;
m31_20_00_00;サウンド_出入り口環境音;SoulsFormats.MSB+Shape+Sphere;<130.262, 129.505, 42.911>;<0, 93.925, 0>;7534;0;4294967295;255;-1;0;-1;;0;0;600050000;;;;;;;;;;;;;;;;;False;
m31_20_00_00;赤毒沼_01;SoulsFormats.MSB+Shape+Box;<182.328, 108.52, 49.749>;<5.468, 24.717, 0>;7500;0;4294967295;255;-1;0;-1;;0;0;310005410;;;;;;;;;;;;;;;;;True;
m31_20_00_00;赤毒沼_02;SoulsFormats.MSB+Shape+Box;<186.333, 97.445, 90.365>;<0, 42.931, 0>;7501;0;4294967295;255;-1;0;-1;;0;0;310005410;;;;;;;;;;;;;;;;;True;
m31_20_00_00;赤毒沼_03;SoulsFormats.MSB+Shape+Box;<154.9, 84.483, 61.857>;<0, 9.31, 0>;7502;0;4294967295;255;-1;0;-1;;0;0;310005410;;;;;;;;;;;;;;;;;True;
m31_20_00_00;赤毒沼_04;SoulsFormats.MSB+Shape+Box;<154.752, 84.326, 82.035>;<0, 46.463, 0>;7503;0;4294967295;255;-1;0;-1;;0;0;310005410;;;;;;;;;;;;;;;;;True;
m31_20_00_00;赤毒沼_05;SoulsFormats.MSB+Shape+Box;<140.166, 84.366, 89.497>;<0, -38.57, 0>;7504;0;4294967295;255;-1;0;-1;;0;0;310005410;;;;;;;;;;;;;;;;;True;
m31_20_00_00;赤毒沼_06;SoulsFormats.MSB+Shape+Box;<163.262, 85.155, 143.229>;<0, -56.441, 0>;7505;0;4294967295;255;-1;0;-1;;0;0;310005410;;;;;;;;;;;;;;;;;True;
m31_21_00_00;サウンド_出入り口環境音;SoulsFormats.MSB+Shape+Sphere;<-59.306, 90.684, 25.572>;<0, -42.947, 0>;7500;0;4294967295;255;-1;0;-1;;0;0;600050000;;;;;;;;;;;;;;;;;False;
m31_22_00_00;サウンド_出入り口環境音;SoulsFormats.MSB+Shape+Sphere;<-39.57, 1626.871, 117.99>;<0, 168.557, 0>;7505;0;4294967295;255;-1;0;-1;;0;0;600050000;;;;;;;;;;;;;;;;;False;
m31_22_00_00;デカ水たまり_魔法_01;SoulsFormats.MSB+Shape+Box;<-20.176, 1606.449, 23.137>;<0, -38.08, 0>;7500;0;4294967295;255;-1;0;-1;;0;0;310005010;;;;;;;;;;;;;;;;;False;
m31_22_00_00;デカ水たまり_魔法_02;SoulsFormats.MSB+Shape+Sphere;<-64.111, 1581.676, 9.198>;<0, 0, 0>;7501;0;4294967295;255;-1;0;-1;;0;0;310005010;;;;;;;;;;;;;;;;;False;
m31_22_00_00;デカ水たまり_魔法_03;SoulsFormats.MSB+Shape+Sphere;<-61.617, 1588.761, 42.041>;<0, 0, 0>;7502;0;4294967295;255;-1;0;-1;;0;0;310005010;;;;;;;;;;;;;;;;;False;
m31_22_00_00;デカ水たまり_魔法_04;SoulsFormats.MSB+Shape+Box;<-69.375, 1581.232, -41.748>;<0, -7.985, 0>;7503;0;4294967295;255;-1;0;-1;;0;0;310005010;;;;;;;;;;;;;;;;;False;
m31_22_00_00;デカ水たまり_魔法_05;SoulsFormats.MSB+Shape+Box;<-38.12, 1576.512, -123.263>;<0, -11.857, 0>;7504;0;4294967295;255;-1;0;-1;;0;0;310005010;;;;;;;;;;;;;;;;;False;
m32_00_00_00;サウンド_出入り口環境音;SoulsFormats.MSB+Shape+Sphere;<36.619, 28.037, -52.557>;<0, -166.128, 0>;7500;0;4294967295;255;-1;0;-1;;0;0;600050000;;;;;;;;;;;;;;;;;False;
m32_02_00_00;サウンド_出入り口環境音;SoulsFormats.MSB+Shape+Sphere;<-118.189, 243.081, 26.082>;<0, 91.889, 0>;7501;0;4294967295;255;-1;0;-1;;0;0;600050000;;;;;;;;;;;;;;;;;False;
m32_04_00_00;サウンド_出入り口環境音;SoulsFormats.MSB+Shape+Sphere;<-164.824, 732.931, -105.882>;<0, -71.056, 0>;7500;0;4294967295;255;-1;0;-1;;0;0;600050000;;;;;;;;;;;;;;;;;False;
m32_05_00_00;サウンド_出入り口環境音;SoulsFormats.MSB+Shape+Sphere;<-51.336, 814.059, 58.023>;<0, 6.545, 0>;7500;0;4294967295;255;-1;0;-1;;0;0;600050000;;;;;;;;;;;;;;;;;False;
m32_07_00_00;サウンド_出入り口環境音;SoulsFormats.MSB+Shape+Sphere;<61.326, 150.547, 39.724>;<0, 8.422, 0>;7500;0;4294967295;255;-1;0;-1;;0;0;600050000;;;;;;;;;;;;;;;;;False;
m32_07_00_00;サウンド_出入り口環境音 {2};SoulsFormats.MSB+Shape+Sphere;<-53.75, 92.68, 75.593>;<0, 8.823, 0>;7501;0;4294967295;255;-1;0;-1;;0;0;600050000;;;;;;;;;;;;;;;;;False;
m32_08_00_00;サウンド_出入り口環境音;SoulsFormats.MSB+Shape+Sphere;<18.613, 86.44, 112.771>;<0, -0.91, 0>;7500;0;4294967295;255;-1;0;-1;;0;0;600050000;;;;;;;;;;;;;;;;;False;
m32_11_00_00;サウンド_出入り口環境音;SoulsFormats.MSB+Shape+Sphere;<44.931, 1259.109, -58.35>;<0, -173.279, 0>;7508;0;4294967295;255;-1;0;-1;;0;0;600050000;;;;;;;;;;;;;;;;;False;
m34_10_00_00;サウンド_炎上世界樹;SoulsFormats.MSB+Shape+Box;<1347.714, 47.446, 2865.409>;<0, 0, 0>;7504;0;4294967295;255;-1;0;-1;;0;0;340100010;;;;;;;;;;;;;;;;;False;
m34_10_00_00;サウンド_出入り口環境音;SoulsFormats.MSB+Shape+Sphere;<-71.827, 38.415, 123.079>;<0, 0, 0>;7500;0;4294967295;255;-1;0;-1;;0;0;600050000;;;;;;;;;;;;;;;;;False;
m34_10_00_00;サウンド_出入り口環境音 {2};SoulsFormats.MSB+Shape+Sphere;<877.974, 49.515, 578.473>;<0, 0, 0>;7501;0;4294967295;255;-1;0;-1;;0;0;600050000;;;;;;;;;;;;;;;;;False;
m34_10_00_00;サウンド_出入り口環境音 {3};SoulsFormats.MSB+Shape+Sphere;<931.637, 340.915, 604.28>;<0, 0, 0>;7502;0;4294967295;255;-1;0;-1;;0;0;600050000;;;;;;;;;;;;;;;;;False;
m34_11_00_00;エレベーター_水_スフィア;SoulsFormats.MSB+Shape+Sphere;<-6.258, -147.117, 35.333>;<0, 0, 0>;7535;0;4294967295;255;-1;0;-1;;0;0;340115001;;;;;;;;;;;;;;;;;False;
m34_11_00_00;サウンド_出入り口環境音;SoulsFormats.MSB+Shape+Sphere;<453.234, 288.415, 79.775>;<0, 0, 0>;7546;0;4294967295;255;-1;0;-1;;0;0;600050000;;;;;;;;;;;;;;;;;False;
m34_11_00_00;サウンド_出入り口環境音 {2};SoulsFormats.MSB+Shape+Sphere;<393.777, -3.185, 69.278>;<0, 0, 0>;7545;0;4294967295;255;-1;0;-1;;0;0;600050000;;;;;;;;;;;;;;;;;False;
m34_11_00_00;シャンデリア揺れ;SoulsFormats.MSB+Shape+Box;<-0.011, -110.355, -0.608>;<0, 0, 0>;7533;0;4294967295;255;-1;0;-1;;0;0;340112000;;;;;;;;;;;;;;;;;False;
m34_11_00_00;シャンデリア揺れ_下;SoulsFormats.MSB+Shape+Box;<-0.011, -194.992, -0.608>;<0, 0, 0>;7534;0;4294967295;255;-1;0;-1;;0;0;340112000;;;;;;;;;;;;;;;;;False;
m34_11_00_00;神の塔_水;SoulsFormats.MSB+Shape+Box;<0.335, -148.551, 0.881>;<0, -11.412, 0>;7500;0;4294967295;255;-1;0;-1;;0;0;340115000;;;;;;;;;;;;;;;;;True;
m34_11_00_00;滝01;SoulsFormats.MSB+Shape+Box;<15.38, -151.766, 18.695>;<0, -53.874, 0>;7501;0;4294967295;255;-1;0;-1;;0;0;340115100;;;;;;;;;;;;;;;;;True;
m34_11_00_00;滝02;SoulsFormats.MSB+Shape+Box;<-20.621, -151.642, 13.043>;<0, 123.761, 0>;7502;0;4294967295;255;-1;0;-1;;0;0;340115101;;;;;;;;;;;;;;;;;True;
m34_11_00_00;滝03 ;SoulsFormats.MSB+Shape+Box;<25.481, -151.99, -15.62>;<0, 124.947, 0>;7503;0;4294967295;255;-1;0;-1;;0;0;340115102;;;;;;;;;;;;;;;;;True;
m34_11_00_00;滝04;SoulsFormats.MSB+Shape+Box;<-14.876, -151.99, -26.423>;<0, -141.347, 0>;7504;0;4294967295;255;-1;0;-1;;0;0;340115103;;;;;;;;;;;;;;;;;True;
m34_12_00_00;サウンド_出入り口環境音;SoulsFormats.MSB+Shape+Sphere;<-60.735, 809.078, 49.901>;<0, -118.197, 0>;7502;0;4294967295;255;-1;0;-1;;0;0;600050000;;;;;;;;;;;;;;;;;False;
m34_12_00_00;サウンド_出入り口環境音 {2};SoulsFormats.MSB+Shape+Sphere;<-47.961, 707.551, -221.443>;<0, 0, 0>;7503;0;4294967295;255;-1;0;-1;;0;0;600050000;;;;;;;;;;;;;;;;;False;
m34_12_00_00;サウンド_出入り口環境音 {3};SoulsFormats.MSB+Shape+Sphere;<-48.078, 700.015, -289.888>;<0, 0, 0>;7504;0;4294967295;255;-1;0;-1;;0;0;600050000;;;;;;;;;;;;;;;;;False;
m34_12_00_00;サウンド_出入り口環境音 {4};SoulsFormats.MSB+Shape+Sphere;<-47.694, 991.415, -348.047>;<0, 0, 0>;7505;0;4294967295;255;-1;0;-1;;0;0;600050000;;;;;;;;;;;;;;;;;False;
m34_13_00_00;サウンド_出入り口環境音;SoulsFormats.MSB+Shape+Sphere;<95.126, 567.715, -18.323>;<0, 0, 0>;7501;0;4294967295;255;-1;0;-1;;0;0;600050000;;;;;;;;;;;;;;;;;False;
m34_13_00_00;サウンド_出入り口環境音 {2};SoulsFormats.MSB+Shape+Sphere;<71.132, 259.315, -5.97>;<0, -89.817, 0>;7502;0;4294967295;255;-1;0;-1;;0;0;600050000;;;;;;;;;;;;;;;;;False;
m34_13_00_00;サウンド_出入り口環境音 {3};SoulsFormats.MSB+Shape+Sphere;<82.512, 259.315, -5.829>;<0, 4.123, 0>;7503;0;4294967295;255;-1;0;-1;;0;0;600050000;;;;;;;;;;;;;;;;;False;
m34_14_00_00;サウンド_炎上世界樹;SoulsFormats.MSB+Shape+Box;<308.166, 28.226, -466.71>;<0, 700, 0>;7510;0;4294967295;255;-1;0;-1;;0;0;340100000;;;;;;;;;;;;;;;;;False;
m34_14_00_00;サウンド_出入り口環境;SoulsFormats.MSB+Shape+Sphere;<465.082, 28.315, -238.639>;<0, 0, 0>;7506;0;4294967295;255;-1;0;-1;;0;0;600050000;;;;;;;;;;;;;;;;;False;
m34_14_00_00;サウンド_出入り口環境 {2};SoulsFormats.MSB+Shape+Sphere;<398.915, 28.461, -199.925>;<0, 0, 0>;7507;0;4294967295;255;-1;0;-1;;0;0;600050000;;;;;;;;;;;;;;;;;False;
m34_14_00_00;サウンド_出入り口環境 {3};SoulsFormats.MSB+Shape+Sphere;<139.519, 17.51, -200.208>;<0, 0, 0>;7508;0;4294967295;255;-1;0;-1;;0;0;600050000;;;;;;;;;;;;;;;;;False;
m34_14_00_00;サウンド_出入り口環境 {4};SoulsFormats.MSB+Shape+Sphere;<618.788, 30.315, -504.786>;<0, 0, 0>;7509;0;4294967295;255;-1;0;-1;;0;0;600050000;;;;;;;;;;;;;;;;;False;
m34_15_00_00;サウンド_出入り口環境;SoulsFormats.MSB+Shape+Sphere;<6.052, 0.085, 34.053>;<0, 0, 0>;7503;0;4294967295;255;-1;0;-1;;0;0;600050000;;;;;;;;;;;;;;;;;False;
m34_15_00_00;サウンド_出入り口環境 {2};SoulsFormats.MSB+Shape+Sphere;<-4.84, 291.416, -26.201>;<0, 0, 0>;7504;0;4294967295;255;-1;0;-1;;0;0;600050000;;;;;;;;;;;;;;;;;False;
m34_15_00_00;デカ海滝;SoulsFormats.MSB+Shape+Box;<53.041, -27.215, 62.004>;<0, 0, 0>;7500;0;4294967295;255;-1;0;-1;;0;0;340305010;;;;;;;;;;;;;;;;;True;
m35_00_00_00;サウンド_水溜まり3;SoulsFormats.MSB+Shape+Box;<-133.25, -134.24, -293.286>;<0, 44.467, 0>;7523;0;4294967295;255;-1;0;-1;;0;0;350005000;;;;;;;;;;;;;;;;;True;
m35_00_00_00;サウンド_水溜まり4;SoulsFormats.MSB+Shape+Box;<-133.525, -149.341, -293.048>;<0, -45.547, 0>;7524;0;4294967295;255;-1;0;-1;;0;0;350005000;;;;;;;;;;;;;;;;;True;
m35_00_00_00;サウンド_水溜まり5;SoulsFormats.MSB+Shape+Box;<-133.15, -119.238, -293.256>;<0, 45.79, 0>;7525;0;4294967295;255;-1;0;-1;;0;0;350005000;;;;;;;;;;;;;;;;;True;
m35_00_00_00;サウンド_水溜まり6;SoulsFormats.MSB+Shape+Box;<-107.199, -138.642, -215.393>;<0, 43.111, 0>;7526;0;4294967295;255;-1;0;-1;;0;0;350005000;;;;;;;;;;;;;;;;;True;
m35_00_00_00;サウンド_水溜まり_01;SoulsFormats.MSB+Shape+Box;<-111.722, -104.47, -125.505>;<0, -45.64, 0>;7519;0;4294967295;255;-1;0;-1;;0;0;350005000;;;;;;;;;;;;;;;;;True;
m35_00_00_00;サウンド_水溜まり_02;SoulsFormats.MSB+Shape+Box;<-150.437, -104.385, -120.881>;<0, -45.696, 0>;7520;0;4294967295;255;-1;0;-1;;0;0;350005000;;;;;;;;;;;;;;;;;True;
m35_00_00_00;下水管水(中)_00;SoulsFormats.MSB+Shape+Box;<-95.99, -139.481, -189.161>;<0, 135, 0>;7500;0;4294967295;255;-1;0;-1;;0;0;350005300;;;;;;;;;;;;;;;;;True;
m35_00_00_00;下水管水(中)_01;SoulsFormats.MSB+Shape+Box;<-142.09, -139.481, -205.339>;<0, 135, 0>;7501;0;4294967295;255;-1;0;-1;;0;0;350005300;;;;;;;;;;;;;;;;;True;
m35_00_00_00;下水管水(中)_02;SoulsFormats.MSB+Shape+Box;<-159.12, -139.481, -222.368>;<0, 135, 0>;7502;0;4294967295;255;-1;0;-1;;0;0;350005300;;;;;;;;;;;;;;;;;True;
m35_00_00_00;下水管水(中)_03;SoulsFormats.MSB+Shape+Box;<-114.223, -139.481, -215.796>;<0, 135, 0>;7503;0;4294967295;255;-1;0;-1;;0;0;350005300;;;;;;;;;;;;;;;;;True;
m35_00_00_00;下水管水(中)_04;SoulsFormats.MSB+Shape+Box;<-124.314, -139.481, -244.69>;<0, 135, 0>;7504;0;4294967295;255;-1;0;-1;;0;0;350005300;;;;;;;;;;;;;;;;;True;
m35_00_00_00;下水管水(中)_05;SoulsFormats.MSB+Shape+Box;<-102.153, -139.481, -257.308>;<0, 135, 0>;7505;0;4294967295;255;-1;0;-1;;0;0;350005300;;;;;;;;;;;;;;;;;True;
m35_00_00_00;下水管水(中)_06;SoulsFormats.MSB+Shape+Box;<-148.632, -107.013, -215.652>;<0, 135, 0>;7506;0;4294967295;255;-1;0;-1;;0;0;350005300;;;;;;;;;;;;;;;;;True;
m35_00_00_00;下水管水(中)_07;SoulsFormats.MSB+Shape+Box;<-115.968, -107.013, -217.595>;<0, 135, 0>;7507;0;4294967295;255;-1;0;-1;;0;0;350005300;;;;;;;;;;;;;;;;;True;
m35_00_00_00;下水管水(中)_08;SoulsFormats.MSB+Shape+Box;<-97.439, -113.013, -187.675>;<0, 135, 0>;7508;0;4294967295;255;-1;0;-1;;0;0;350005300;;;;;;;;;;;;;;;;;True;
m35_00_00_00;下水管水(中)_09;SoulsFormats.MSB+Shape+Box;<-118.692, -113.013, -208.88>;<0, 135, 0>;7509;0;4294967295;255;-1;0;-1;;0;0;350005300;;;;;;;;;;;;;;;;;True;
m35_00_00_00;下水管水(中)_10;SoulsFormats.MSB+Shape+Box;<-128.083, -110.013, -236.871>;<0, 135, 0>;7510;0;4294967295;255;-1;0;-1;;0;0;350005300;;;;;;;;;;;;;;;;;True;
m35_00_00_00;下水管水(中)_11;SoulsFormats.MSB+Shape+Box;<-107.238, -113.533, -203.277>;<0, 135, 0>;7511;0;4294967295;255;-1;0;-1;;0;0;350005300;;;;;;;;;;;;;;;;;True;
m35_00_00_00;下水管水(中)_12;SoulsFormats.MSB+Shape+Box;<-186.81, -113.533, -140.61>;<0, 135, 0>;7512;0;4294967295;255;-1;0;-1;;0;0;350005300;;;;;;;;;;;;;;;;;True;
m35_00_00_00;下水大広間_00;SoulsFormats.MSB+Shape+Box;<-43.737, -127.94, -164.115>;<-2.045, -34.339, -2.996>;7513;0;4294967295;255;-1;0;-1;;0;0;350005201;;;;;;;;;;;;;;;;;True;
m35_00_00_00;下水大広間_01;SoulsFormats.MSB+Shape+Box;<-59.577, -169.89, -144.612>;<0, -56.131, 0>;7514;0;4294967295;255;-1;0;-1;;0;0;350005200;;;;;;;;;;;;;;;;;True;
m35_00_00_00;下水大広間_02;SoulsFormats.MSB+Shape+Box;<-40.744, -150.734, -163.178>;<0, 53.11, 0>;7515;0;4294967295;255;-1;0;-1;;0;0;350005200;;;;;;;;;;;;;;;;;True;
m35_00_00_00;下水大広間_03;SoulsFormats.MSB+Shape+Box;<-64.306, -271.361, -169.308>;<2.019, -9.181, -11.008>;7516;0;4294967295;255;-1;0;-1;;0;0;350005200;;;;;;;;;;;;;;;;;True;
m35_00_00_00;下水大広間_04;SoulsFormats.MSB+Shape+Box;<-40.454, -229.322, -139.371>;<14.975, -100.273, 0.244>;7517;0;4294967295;255;-1;0;-1;;0;0;350005210;;;;;;;;;;;;;;;;;True;
m35_00_00_00;下水大広間_05;SoulsFormats.MSB+Shape+Box;<-41.725, -113.184, -137.396>;<0, 34.506, 0>;7518;0;4294967295;255;-1;0;-1;;0;0;350005300;;;;;;;;;;;;;;;;;True;
m35_00_00_00;下水大広間_06;SoulsFormats.MSB+Shape+Box;<-50.061, -273.363, -140.456>;<0, 0, 0>;7521;0;4294967295;255;-1;0;-1;;0;0;350005201;;;;;;;;;;;;;;;;;True;
m35_00_00_00;下水大広間_デカ水たまり;SoulsFormats.MSB+Shape+Box;<-49.817, -280.199, -149.871>;<0, 58.359, 0>;7522;0;4294967295;255;-1;0;-1;;0;0;350005000;;;;;;;;;;;;;;;;;True;
m39_20_00_00;デカ水たまり;SoulsFormats.MSB+Shape+Box;<-89.724, 352.337, -1306.488>;<0, 20.19, 0>;7516;0;4294967295;255;-1;0;-1;;0;0;390005000;;;;;;;;;;;;;;;;;False;
m39_20_00_00;小滝_01;SoulsFormats.MSB+Shape+Box;<-95.346, 352.945, -1283.085>;<0, 0, 0>;7511;0;4294967295;255;-1;0;-1;;0;0;390005100;;;;;;;;;;;;;;;;;False;
m39_20_00_00;小滝_02;SoulsFormats.MSB+Shape+Box;<-111.238, 352.61, -1330.471>;<0, -41.74, 0>;7512;0;4294967295;255;-1;0;-1;;0;0;390005100;;;;;;;;;;;;;;;;;False;
m39_20_00_00;小滝_03;SoulsFormats.MSB+Shape+Box;<-125.026, 352.901, -1310.809>;<0, -12.407, 0>;7513;0;4294967295;255;-1;0;-1;;0;0;390005100;;;;;;;;;;;;;;;;;False;
m39_20_00_00;特大滝_上部;SoulsFormats.MSB+Shape+Box;<28.412, 198.01, -1249.813>;<0, -29.513, 0>;7500;0;4294967295;255;-1;0;-1;;0;0;390005200;;;;;;;;;;;;;;;;;True;
