MapID;Name;Shape;Position;Rotation;Unk2C;Unk40;MapStudioLayer;UnkE08;MapID;UnkS04;UnkS0C;ActivationPartName;EntityID;UnkT00;UnkT04;UnkT08;PartNames[0];PartNames[1];PartNames[2];PartNames[3];PartNames[4];PartNames[5];PartNames[6];PartNames[7];UnkT34;UnkT38;UnkT54;
m10_00_00_00;Runtime_Point_181214_15240500;SoulsFormats.MSB+Shape+Sphere;<-224.169, 66.826, 184.286>;<0, 0, 0>;145;0;4294967295;255;-1;0;-1;;0;1000000;-1;-1;;;;;;;;;6802;6803;-1;
m12_01_00_00;Lv0 マリカ遺跡ドア前 蛇ツムリ;SoulsFormats.MSB+Shape+Sphere;<-37.971, -164.345, 200.732>;<0, 0, 0>;392;0;4294967295;255;-1;0;-1;;0;0;-1;-1;c4140_9041;c4140_9003;c4140_9005;;;;;;-1;-1;10000;
m12_01_00_00;Lv0 マリカ遺跡端っこの柱 蛇ツムリ;SoulsFormats.MSB+Shape+Sphere;<-60.233, -158.648, 227.442>;<0, 0, 0>;395;0;4294967295;255;-1;0;-1;;0;0;-1;-1;c4140_9045;c4140_9048;;;;;;;-1;-1;10000;
m12_01_00_00;Lv0 マリカ遺跡柱下の壁 蛇ツムリ;SoulsFormats.MSB+Shape+Sphere;<-89.123, -165.744, 200.488>;<0, 0, 0>;394;0;4294967295;255;-1;0;-1;;0;0;-1;-1;c4140_9028;c4140_9025;c4140_9011;c4140_9029;;;;;-1;-1;10000;
m12_01_00_00;Lv0 遺跡島脇奥上 ルーン喰らい;SoulsFormats.MSB+Shape+Sphere;<100.498, -203.75, -40.487>;<0, 0, 0>;390;0;4294967295;255;-1;0;-1;;0;0;-1;-1;c3750_9054;c3750_9055;;;;;;;-1;-1;10000;
m12_01_00_00;Lv0 死体の滞留域２ バジリスク;SoulsFormats.MSB+Shape+Sphere;<-119.169, -205.059, -163.071>;<0, 0, 0>;142;0;4294967295;255;-1;0;-1;;0;0;-1;-1;c4150_9000;c4150_9005;;;;;;;-1;-1;10000;
m12_01_00_00;Lv1 マリカ遺跡 マリカの直系 男;SoulsFormats.MSB+Shape+Sphere;<-84.506, -129.013, 124.604>;<0, 0, 0>;355;0;4294967295;255;-1;0;-1;;0;0;-1;-1;c3300_9033;c3300_9034;;;;;;;-1;-1;10100;
m12_01_00_00;Lv1 マリカ遺跡 マリカの直系 長剣;SoulsFormats.MSB+Shape+Sphere;<-21.443, -154.94, 75.209>;<0, 0, 0>;356;0;4294967295;255;-1;0;-1;;0;0;-1;-1;c3300_9021;;;;;;;;-1;-1;10100;
m12_01_00_00;Lv1 マリカ遺跡 マリカスライム帯電;SoulsFormats.MSB+Shape+Sphere;<-48.743, -140.663, 104.355>;<0, 0, 0>;364;0;4294967295;255;-1;0;-1;;0;0;-1;-1;c3320_9006;c3320_9007;c3320_9004;c3320_9005;c3320_9001;c3320_9002;c3320_9000;c3320_9003;-1;-1;10100;
m12_01_00_00;Lv1 マリカ遺跡 狩場;SoulsFormats.MSB+Shape+Sphere;<-191.839, -164.233, 234.674>;<0, 0, 0>;347;0;4294967295;255;-1;0;-1;;0;0;-1;-1;c4280_9122;c4280_9120;c4280_9121;;;;;;-1;-1;10100;
m12_01_00_00;Lv1 マリカ遺跡 閉じ込め部屋 マザースライム;SoulsFormats.MSB+Shape+Sphere;<-78.706, -129.031, 230.878>;<0, 0, 0>;354;0;4294967295;255;-1;0;-1;;0;0;-1;-1;;c3330_9006;;;;;;;-1;-1;10100;
m12_01_00_00;Lv1 マリカ遺跡２部屋目 マリカスライム;SoulsFormats.MSB+Shape+Sphere;<-56.526, -136.939, 86.135>;<0, 0, 0>;365;0;4294967295;255;-1;0;-1;;0;0;-1;-1;c3320_9012;c3320_9014;c3320_9011;c3320_9015;c3320_9016;c3320_9013;;;-1;-1;10100;
m12_01_00_00;Lv1 マリカ遺跡最初 マリカの直系 短剣;SoulsFormats.MSB+Shape+Sphere;<-33.999, -147.995, 98.336>;<0, 0, 0>;357;0;4294967295;255;-1;0;-1;;0;0;-1;-1;c3300_9022;;;;;;;;-1;-1;10100;
m12_01_00_00;Lv1 マリカ遺跡柱下の地面 蛇ツムリ;SoulsFormats.MSB+Shape+Sphere;<-71.132, -164.175, 202.136>;<0, 0, 0>;393;0;4294967295;255;-1;0;-1;;0;0;-1;-1;c4140_9043;c4140_9044;c4140_9042;c4140_9050;c4140_9049;;;;-1;-1;10100;
m12_01_00_00;Lv1 遺跡島脇 ルーン喰らい;SoulsFormats.MSB+Shape+Sphere;<84.364, -214.331, -80.746>;<0, 0, 0>;385;0;4294967295;255;-1;0;-1;;0;0;-1;-1;c3750_9042;c3750_9044;;;;;;;-1;-1;10000;
m12_01_00_00;Lv1 遺跡島脇 ルーン喰らい {2};SoulsFormats.MSB+Shape+Sphere;<89.629, -204.095, -78.938>;<0, 0, 0>;384;0;4294967295;255;-1;0;-1;;0;0;-1;-1;c3750_9040;c3750_9025;c3750_9026;;;;;;-1;-1;10100;
m12_01_00_00;Lv1 遺跡島脇奥 ルーン喰らい;SoulsFormats.MSB+Shape+Sphere;<87.685, -214.331, -41.433>;<0, 0, 0>;386;0;4294967295;255;-1;0;-1;;0;0;-1;-1;c3750_9051;c3750_9050;c3750_9053;c3750_9052;;;;;-1;-1;10100;
m12_01_00_00;Lv1 遺跡島脇奥上 ルーン喰らい;SoulsFormats.MSB+Shape+Sphere;<70.982, -209.416, -37.124>;<0, 0, 0>;389;0;4294967295;255;-1;0;-1;;0;0;-1;-1;c3750_9056;c3750_9059;c3750_9058;;;;;;-1;-1;10100;
m12_01_00_00;Lv1 下層ルーン喰らい遺跡　エントランス ルーン喰らい集団;SoulsFormats.MSB+Shape+Sphere;<112.742676, -204.658, -150.82228>;<0, 0, 0>;147;0;4294967295;255;-1;0;-1;;0;0;-1;-1;c3750_9124;c3750_9122;c3750_9123;c3750_9125;;;;;-1;-1;10100;
m12_01_00_00;Lv1 下層ルーン喰らい遺跡水辺 ルーン喰らい集団A;SoulsFormats.MSB+Shape+Sphere;<185.4077, -205.975, -156.94882>;<0, 0, 0>;140;0;4294967295;255;-1;0;-1;;0;0;-1;-1;c3750_9109;c3750_9110;c3750_9111;c3750_9112;c3750_9113;c3750_9105;c3750_9106;c3750_9107;-1;-1;10100;
m12_01_00_00;Lv1 下層ルーン喰らい遺跡正面 ルーン喰らい集団前半;SoulsFormats.MSB+Shape+Sphere;<150.761, -204.658, -169.851>;<0, 0, 0>;141;0;4294967295;255;-1;0;-1;;0;0;134;-1;;;;;;;;;-1;-1;10300;
m12_01_00_00;Lv1 下層遺跡島右手 ルーン喰らい集団;SoulsFormats.MSB+Shape+Sphere;<53.89, -210.15, -74.11>;<0, 0, 0>;143;0;4294967295;255;-1;0;-1;;0;0;141;-1;;;;;;;;;-1;-1;10100;
m12_01_00_00;Lv1 下層遺跡島右手 安置側 ルーン喰らい集団;SoulsFormats.MSB+Shape+Sphere;<68.0567, -210.15, -70.01056>;<0, 0, 0>;150;0;4294967295;255;-1;0;-1;;0;0;-1;-1;c3750_9023;c3750_9024;c3750_9155;c3750_9156;;;;;-1;-1;10100;
m12_01_00_00;Lv1 下層遺跡島階段 ルーン喰らい集団;SoulsFormats.MSB+Shape+Sphere;<56.47921, -210.15, -47.79475>;<0, 0, 0>;158;0;4294967295;255;-1;0;-1;;0;0;-1;-1;c3750_9030;c3750_9032;c3750_9157;;;;;;-1;-1;10100;
m12_01_00_00;Lv1 下層遺跡島左手 ルーン喰らい集団;SoulsFormats.MSB+Shape+Sphere;<49.89504, -210.15, -82.84276>;<0, 0, 0>;102;0;4294967295;255;-1;0;-1;;0;0;-1;-1;c3750_9151;c3750_9152;c3750_9153;c3750_9154;c3750_9005;;;;-1;-1;10100;
m12_01_00_00;Lv1 下層死体の滞留域２　壺蟻集団;SoulsFormats.MSB+Shape+Sphere;<-67.291, -214.008, -127.823>;<0, 0, 0>;160;0;4294967295;255;-1;0;-1;;0;0;-1;-1;c4280_9070;c4280_9071;c4280_9072;c4280_9073;;;;;-1;-1;10100;
m12_01_00_00;Lv1 下層死体の滞留域２　壺蟻集団奥;SoulsFormats.MSB+Shape+Sphere;<-60.732, -215.115, -99.896>;<0, 0, 0>;161;0;4294967295;255;-1;0;-1;;0;0;-1;-1;c4280_9074;c4280_9076;c4280_9075;;;;;;-1;-1;10100;
m12_01_00_00;Lv1 下層死体の滞留域奥 壺蟻の巣;SoulsFormats.MSB+Shape+Sphere;<236.355, -178.535, -215.508>;<0, 0, 0>;138;0;4294967295;255;-1;0;-1;;0;0;-1;-1;c4280_9031;c4280_9036;c4280_9037;c4280_9033;c4280_9035;c4280_9032;c4280_9034;c4280_9030;-1;-1;10100;
m12_01_00_00;Lv1 下層滞留域通路　バジリスク集団;SoulsFormats.MSB+Shape+Sphere;<-92.815, -211.965, -150.618>;<0, 0, 0>;162;0;4294967295;255;-1;0;-1;;0;0;-1;-1;c4150_9001;c4150_9002;c4150_9003;;;;;;-1;-1;10100;
m12_01_00_00;Lv1 下層入り口 壺蟻集団 ;SoulsFormats.MSB+Shape+Sphere;<363.336, -157.62, -87.86>;<0, 0, 0>;136;0;4294967295;255;-1;0;-1;;0;0;-1;-1;c4280_9005;c4280_9002;c4280_9003;c4280_9001;c4280_9004;c4280_9006;;;-1;-1;10100;
m12_01_00_00;Lv1 下層入り口水路 壺蟻集団;SoulsFormats.MSB+Shape+Sphere;<338.752, -161.75, -157.542>;<0, 0, 0>;137;0;4294967295;255;-1;0;-1;;0;0;-1;-1;c4280_9013;c4280_9015;;;;;;;-1;-1;10100;
m12_01_00_00;Lv1 上層水路 壷蟻;SoulsFormats.MSB+Shape+Sphere;<187.787, -107.041, 52.883>;<0, 0, 0>;295;0;4294967295;255;-1;0;-1;;0;0;-1;-1;c4280_9103;c4280_9102;;;;;;;-1;-1;10100;
m12_01_00_00;Lv1 水門 マリカの直系 短剣;SoulsFormats.MSB+Shape+Sphere;<-117.468, -159.827, 161.306>;<0, 0, 0>;346;0;4294967295;255;-1;0;-1;;0;0;-1;-1;c3300_9020;;;;;;;;-1;-1;10100;
m12_01_00_00;Lv1 川 マリカスライム;SoulsFormats.MSB+Shape+Sphere;<-109.15, -170.418, 173.586>;<0, 0, 0>;334;0;4294967295;255;-1;0;-1;;0;0;-1;-1;c3320_9069;c3320_9067;c3320_9068;c3320_9072;c3320_9073;c3320_9075;c3320_9074;c3320_9076;-1;-1;10100;
m12_01_00_00;Lv1 川終盤 マリカスライム;SoulsFormats.MSB+Shape+Sphere;<-276.647, -170.418, 179.629>;<0, 0, 0>;349;0;4294967295;255;-1;0;-1;;0;0;-1;-1;c3320_9085;c3320_9086;c3320_9087;c3320_9088;c3320_9089;;;;-1;-1;10100;
m12_01_00_00;Lv1 大毒沼 バジリスク２回め;SoulsFormats.MSB+Shape+Sphere;<-308.072, -317.057, -249.058>;<0, 0, 0>;239;0;4294967295;255;-1;0;-1;;0;0;-1;-1;c4150_9017;c4150_9016;;;;;;;-1;-1;10100;
m12_01_00_00;Lv1 大毒沼サブ遺跡 バジリスク;SoulsFormats.MSB+Shape+Sphere;<-173.25, -316.154, -205.51>;<0, 0, 0>;240;0;4294967295;255;-1;0;-1;;0;0;-1;-1;c4150_9027;c4150_9026;;;;;;;-1;-1;10100;
m12_01_00_00;Lv1 大毒沼最初 バジリスク;SoulsFormats.MSB+Shape+Sphere;<-338.67, -317.057, -152.087>;<0, 0, 0>;159;0;4294967295;255;-1;0;-1;;0;0;-1;-1;c4150_9012;c4150_9011;c4150_9010;;;;;;-1;-1;10100;
m12_01_00_00;Lv1 大毒沼端っこ天井なし遺跡 バジリスク;SoulsFormats.MSB+Shape+Sphere;<-167.006, -316.321, -92.001>;<0, 0, 0>;238;0;4294967295;255;-1;0;-1;;0;0;-1;-1;c4150_9029;c4150_9028;c4150_9030;;;;;;-1;-1;10100;
m12_01_00_00;Lv1 大毒沼部屋の外 バジリスク;SoulsFormats.MSB+Shape+Sphere;<-120.85, -317.057, -421.06>;<0, 0, 0>;241;0;4294967295;255;-1;0;-1;;0;0;-1;-1;c4150_9024;c4150_9025;c4150_9023;;;;;;-1;-1;10100;
m12_01_00_00;Lv2 ５部屋目 マザースライム ;SoulsFormats.MSB+Shape+Sphere;<-146.642, -111.034, 261.696>;<0, 0, 0>;366;0;4294967295;255;-1;0;-1;;0;0;-1;-1;c3330_9007;;;;;;;;-1;-1;10200;
m12_01_00_00;Lv2 マリカ遺跡 騎乗マリカ;SoulsFormats.MSB+Shape+Sphere;<40.564, -170.121, 115.297>;<0, 0, 0>;331;0;4294967295;255;-1;0;-1;;0;0;-1;-1;c4280_9111;c3300_9011;;;;;;;-1;-1;10200;
m12_01_00_00;Lv2 マリカ遺跡 騎乗マリカ {2};SoulsFormats.MSB+Shape+Sphere;<-109.15, -170.418, 173.586>;<0, 0, 0>;345;0;4294967295;255;-1;0;-1;;0;0;-1;-1;c4280_9115;c3300_9015;;;;;;;-1;-1;10200;
m12_01_00_00;Lv2 マリカ遺跡 騎乗マリカ {3};SoulsFormats.MSB+Shape+Sphere;<-41.347, -170.436, 138.689>;<0, 0, 0>;333;0;4294967295;255;-1;0;-1;;0;0;-1;-1;c4280_9112;c3300_9012;;;;;;;-1;-1;10200;
m12_01_00_00;Lv2 マリカ遺跡ラスト;SoulsFormats.MSB+Shape+Sphere;<-302.363, -91.061, 274.163>;<0, 0, 0>;367;0;4294967295;255;-1;0;-1;;0;0;-1;-1;c0000_9021;c3300_9036;c0000_9020;;;;;;-1;-1;10200;
m12_01_00_00;Lv2 マリカ遺跡陸地 マリカの直系 男;SoulsFormats.MSB+Shape+Sphere;<-9.134, -163.908, 162.825>;<0, 0, 0>;332;0;4294967295;255;-1;0;-1;;0;0;-1;-1;c3300_9002;c3300_9001;;;;;;;-1;-1;10200;
m12_01_00_00;Lv2 下層遺跡島 アステール;SoulsFormats.MSB+Shape+Sphere;<3.71, -182.86, -51.6>;<0, 0, 0>;144;0;4294967295;255;-1;0;-1;;0;0;-1;-1;c4620_9000;;;;;;;;-1;-1;10200;
m12_01_00_00;Lv2 橋 マザースライム;SoulsFormats.MSB+Shape+Sphere;<-124.371, -115.599, 223.778>;<0, 0, 0>;350;0;4294967295;255;-1;0;-1;;0;0;-1;-1;c3330_9005;;;;;;;;-1;-1;10200;
m12_01_00_00;Lv2 三角湖 ルーンを食う花;SoulsFormats.MSB+Shape+Sphere;<351.666, -80.119, 93.15>;<0, 0, 0>;145;0;4294967295;255;-1;0;-1;;0;0;-1;-1;c4481_9005;c4481_9002;c4481_9001;c4481_9004;c4481_9000;c4481_9003;c4480_9000;;-1;-1;10200;
m12_01_00_00;Lv2 三角湖 ルーン喰らい;SoulsFormats.MSB+Shape+Sphere;<310.49, -79.36, 94.124>;<0, 0, 0>;293;0;4294967295;255;-1;0;-1;;0;0;-1;-1;c3750_9225;c3750_9228;c3750_9222;;;;;;-1;-1;10200;
m12_01_00_00;Lv2 三角湖出口 ルーン喰らい;SoulsFormats.MSB+Shape+Sphere;<262.984, -80.768, 97.96>;<0, 0, 0>;294;0;4294967295;255;-1;0;-1;;0;0;-1;-1;c3750_9237;c3750_9238;c3750_9232;c3750_9239;c3750_9234;c3750_9236;c3750_9233;c3750_9235;-1;-1;10200;
m12_01_00_00;Lv2 三角湖前 アステール;SoulsFormats.MSB+Shape+Sphere;<292.347, -80.239, 121.847>;<0, 0, 0>;139;0;4294967295;255;-1;0;-1;;0;0;-1;-1;c4620_9001;;;;;;;;-1;-1;10200;
m12_01_00_00;Lv2 上層 死体の滞留域;SoulsFormats.MSB+Shape+Sphere;<125.753, -132.285, 28.689>;<0, 0, 0>;296;0;4294967295;255;-1;0;-1;;0;0;-1;-1;c4280_9104;c4280_9105;c4281_9000;;;;;;-1;-1;10200;
m12_01_00_00;Lv2 水路２ バジリスク;SoulsFormats.MSB+Shape+Sphere;<-275.096, -280.972, 91.163>;<0, 0, 0>;368;0;4294967295;255;-1;0;-1;;0;0;-1;-1;c4150_9107;c4150_9109;c4150_9108;;;;;;-1;-1;10200;
m12_01_00_00;Lv2 大回廊 信仰者 巡回;SoulsFormats.MSB+Shape+Sphere;<-491.988, -373.269, -534.927>;<0, 0, 0>;372;0;4294967295;255;-1;0;-1;;0;0;-1;-1;c3361_9009;c3361_9010;;;;;;;-1;-1;10200;
m12_01_00_00;Lv2 大回廊 祖霊信仰者;SoulsFormats.MSB+Shape+Sphere;<-523.919, -373.308, -538.133>;<0, 0, 0>;373;0;4294967295;255;-1;0;-1;;0;0;-1;-1;c3361_9007;c3361_9008;c3361_9006;;;;;;-1;-1;10200;
m12_01_00_00;Lv2 大回廊 祖霊信仰者 {2};SoulsFormats.MSB+Shape+Sphere;<-546.616, -373.278, -544.262>;<0, 0, 0>;374;0;4294967295;255;-1;0;-1;;0;0;-1;-1;c3361_9002;c3361_9005;c3361_9003;c3361_9001;c3361_9004;c3371_9000;;;-1;-1;10200;
m12_01_00_00;Lv2 大毒沼 遺跡上 ダークウォーカー;SoulsFormats.MSB+Shape+Sphere;<-362.606, -292.882, -331.23>;<0, 0, 0>;370;0;4294967295;255;-1;0;-1;;0;0;-1;-1;c3600_9000;;;;;;;;-1;-1;10200;
m12_01_00_00;Lv2 大毒沼２回め バジリスク;SoulsFormats.MSB+Shape+Sphere;<-325.784, -314.051, -210.022>;<0, 0, 0>;369;0;4294967295;255;-1;0;-1;;0;0;-1;-1;c4150_9014;c4150_9013;c4150_9015;;;;;;-1;-1;10200;
m12_01_00_00;Lv2 大毒沼部屋の中 バジリスク;SoulsFormats.MSB+Shape+Sphere;<-143.203, -317.057, -395.598>;<0, 0, 0>;371;0;4294967295;255;-1;0;-1;;0;0;-1;-1;c4150_9019;c4150_9021;c4150_9018;c4150_9020;c4150_9022;;;;-1;-1;10200;
m12_01_00_00;Lv3 マリカ遺跡川 騎乗マリカ;SoulsFormats.MSB+Shape+Sphere;<-217.325, -168.971, 197.873>;<0, 0, 0>;348;0;4294967295;255;-1;0;-1;;0;0;-1;-1;c4280_9116;c4280_9117;c3300_9016;c3300_9017;;;;;-1;-1;10300;
m12_01_00_00;Lv3 大回廊 蛇霊;SoulsFormats.MSB+Shape+Sphere;<-411.422, -372.948, -504.506>;<0, 0, 0>;375;0;4294967295;255;-1;0;-1;;0;0;-1;-1;c4640_9000;;;;;;;;-1;-1;10300;
m12_02_00_00;グループ撃破報酬 Lv0 死臭カニ;SoulsFormats.MSB+Shape+Sphere;<1401.046, -820.766, 1522.669>;<0, 0, 0>;318;0;4294967295;255;-1;0;-1;;0;0;-1;-1;c2270_9021;;;;;;;;-1;-1;10000;
m12_02_00_00;グループ撃破報酬 Lv0 死臭カニ {2};SoulsFormats.MSB+Shape+Sphere;<1384.122, -820.839, 1475.284>;<0, 0, 0>;317;0;4294967295;255;-1;0;-1;;0;0;-1;-1;c2270_9009;;;;;;;;-1;-1;10000;
m12_02_00_00;グループ撃破報酬 Lv0 死臭カニ {3};SoulsFormats.MSB+Shape+Sphere;<1127.317, -823.45, 1299.27>;<0, 0, 0>;453;0;4294967295;255;-1;0;-1;;0;0;-1;-1;c2270_9002;;;;;;;;-1;-1;10000;
m12_02_00_00;グループ撃破報酬 Lv0 祖霊信仰者 出口前トビウサギ;SoulsFormats.MSB+Shape+Sphere;<1349.198, -814.729, 1519.329>;<0, 0, 0>;200;0;4294967295;255;-1;0;-1;;0;0;-1;-1;c3360_9099;;;;;;;;-1;-1;10000;
m12_02_00_00;グループ撃破報酬 Lv0 祖霊信仰者 祖霊前灯火台;SoulsFormats.MSB+Shape+Sphere;<1358.428, -815.595, 1521.874>;<0, 0, 0>;147;0;4294967295;255;-1;0;-1;;0;0;-1;-1;c3360_9066;c3360_9067;;;;;;;-1;-1;10000;
m12_02_00_00;グループ撃破報酬 Lv0 祖霊信仰者 木組みの足場;SoulsFormats.MSB+Shape+Sphere;<1365.423, -800.994, 1468.04>;<0, 0, 0>;208;0;4294967295;255;-1;0;-1;;0;0;-1;-1;c3360_9085;c3360_9084;;;;;;;-1;-1;10000;
m12_02_00_00;グループ撃破報酬 Lv1 マリカ遺跡２ コピースライム 屋根上;SoulsFormats.MSB+Shape+Sphere;<949.366, -636.428, 1395.089>;<0, 0, 0>;368;0;4294967295;255;-1;0;-1;;0;0;-1;-1;c0000_9011;c0000_9012;;;;;;;-1;-1;10100;
m12_02_00_00;グループ撃破報酬 Lv1 マリカ遺跡２ マリカの直系;SoulsFormats.MSB+Shape+Sphere;<1065.425, -647.617, 1337.189>;<0, 0, 0>;370;0;4294967295;255;-1;0;-1;;0;0;-1;-1;c3300_9101;;;;;;;;-1;-1;10100;
m12_02_00_00;グループ撃破報酬 Lv1 遺跡水道 バディ汎用 サブ側 ;SoulsFormats.MSB+Shape+Sphere;<1323.962, -626.74, 1783.421>;<0, 0, 0>;376;0;4294967295;255;-1;0;-1;;0;0;-1;-1;c7000_9012;c7000_9011;c7000_9010;;;;;;-1;-1;10100;
m12_02_00_00;グループ撃破報酬 Lv1 遺跡水道 バディ汎用 ボス前;SoulsFormats.MSB+Shape+Sphere;<1304.229, -626.74, 1830.507>;<0, 0, 0>;377;0;4294967295;255;-1;0;-1;;0;0;-1;-1;c7000_9037;c7000_9038;c7000_9041;;;;;;-1;-1;10100;
m12_02_00_00;グループ撃破報酬 Lv1 遺跡水道 バディ汎用 秘密の部屋;SoulsFormats.MSB+Shape+Sphere;<1314.181, -626.946, 1838.592>;<0, 0, 0>;378;0;4294967295;255;-1;0;-1;;0;0;-1;-1;c7000_9024;c7000_9049;c7000_9048;c7000_9026;c7000_9025;;;;-1;-1;10100;
m12_02_00_00;グループ撃破報酬 Lv1 水道橋下 ルーン喰らい集団;SoulsFormats.MSB+Shape+Sphere;<1166.325, -748.508, 1556.033>;<0, 0, 0>;390;0;4294967295;255;-1;0;-1;;0;0;-1;-1;c3750_9258;c3750_9283;c3750_9257;c3750_9282;;;;;-1;-1;10100;
m12_02_00_00;グループ撃破報酬 Lv1 水道橋下 ルーン喰らい集団 {2};SoulsFormats.MSB+Shape+Sphere;<1170.43, -748.508, 1534.488>;<0, 0, 0>;389;0;4294967295;255;-1;0;-1;;0;0;-1;-1;c3750_9281;c3750_9252;c3750_9280;c3750_9250;;;;;-1;-1;10100;
m12_02_00_00;グループ撃破報酬 Lv1 水道橋下 ルーン喰らい集団 {3};SoulsFormats.MSB+Shape+Sphere;<1194.422, -748.508, 1534.135>;<0, 0, 0>;387;0;4294967295;255;-1;0;-1;;0;0;-1;-1;c3750_9285;c3750_9284;c3750_9256;c3750_9259;c3750_9286;;;;-1;-1;10100;
m12_02_00_00;グループ撃破報酬 Lv1 水道橋下 ルーン喰らい集団 {4};SoulsFormats.MSB+Shape+Sphere;<1162.848, -748.508, 1525.967>;<0, 0, 0>;388;0;4294967295;255;-1;0;-1;;0;0;-1;-1;c3750_9255;c3750_9289;c3750_9288;c3750_9287;;;;;-1;-1;10100;
m12_02_00_00;グループ撃破報酬 Lv1 水道橋内 ルーン喰らい;SoulsFormats.MSB+Shape+Sphere;<1244.536, -748.508, 1550.112>;<0, 0, 0>;384;0;4294967295;255;-1;0;-1;;0;0;-1;-1;c3750_9276;c3750_9279;c3750_9272;c3750_9278;c3750_9277;;;;-1;-1;10100;
m12_02_00_00;グループ撃破報酬 Lv1 水道橋内 ルーン喰らい {2};SoulsFormats.MSB+Shape+Sphere;<1244.536, -748.508, 1550.112>;<0, 0, 0>;385;0;4294967295;255;-1;0;-1;;0;0;-1;-1;c3750_9275;c3750_9273;c3750_9271;c3750_9274;c3750_9270;;;;-1;-1;10100;
m12_02_00_00;グループ撃破報酬 Lv1 水没林 祖霊信仰者女崖前;SoulsFormats.MSB+Shape+Sphere;<1564.939, -782.596, 1794.816>;<0, 0, 0>;341;0;4294967295;255;-1;0;-1;;0;0;-1;-1;c4080_9010;c3370_9002;c4080_9013;c4080_9014;;;;;-1;-1;10100;
m12_02_00_00;グループ撃破報酬 Lv1 水没林 陸だこ;SoulsFormats.MSB+Shape+Sphere;<1229.785, -820.778, 1452.327>;<0, 0, 0>;327;0;4294967295;255;-1;0;-1;;0;0;-1;-1;c4220_9004;;;;;;;;-1;-1;10100;
m12_02_00_00;グループ撃破報酬 Lv1 水没林 陸だこ {2};SoulsFormats.MSB+Shape+Sphere;<1243.223, -820.84, 1454.632>;<0, 0, 0>;328;0;4294967295;255;-1;0;-1;;0;0;-1;-1;c4220_9001;;;;;;;;-1;-1;10100;
m12_02_00_00;グループ撃破報酬 Lv1 水没林 陸だこ {3};SoulsFormats.MSB+Shape+Sphere;<1282.959, -820.761, 1490.017>;<0, 0, 0>;329;0;4294967295;255;-1;0;-1;;0;0;-1;-1;c4220_9000;;;;;;;;-1;-1;10100;
m12_02_00_00;グループ撃破報酬 Lv1 水没林サブ 祖霊信仰者;SoulsFormats.MSB+Shape+Sphere;<1244.141, -817.333, 1268.536>;<0, 0, 0>;332;0;4294967295;255;-1;0;-1;;0;0;-1;-1;c3360_9092;c3360_9091;c3360_9093;;;;;;-1;-1;10100;
m12_02_00_00;グループ撃破報酬 Lv1 水没林サブ 祖霊信仰者 {2};SoulsFormats.MSB+Shape+Sphere;<1318.475, -815.26, 1314.115>;<0, 0, 0>;333;0;4294967295;255;-1;0;-1;;0;0;-1;-1;c3360_9045;c3360_9046;;;;;;;-1;-1;10100;
m12_02_00_00;グループ撃破報酬 Lv1 水没林スナイパー 祖霊信仰者;SoulsFormats.MSB+Shape+Sphere;<1418.168, -816.8, 1389.502>;<0, 0, 0>;336;0;4294967295;255;-1;0;-1;;0;0;-1;-1;c3360_9040;c3360_9055;;;;;;;-1;-1;10100;
m12_02_00_00;グループ撃破報酬 Lv1 水没林スナイパー 祖霊信仰者 {2};SoulsFormats.MSB+Shape+Sphere;<1418.3, -816.872, 1390.594>;<0, 0, 0>;335;0;4294967295;255;-1;0;-1;;0;0;-1;-1;c3360_9041;c3360_9042;;;;;;;-1;-1;10100;
m12_02_00_00;グループ撃破報酬 Lv1 水没林マリカ下 祖霊信仰者;SoulsFormats.MSB+Shape+Sphere;<1063.747, -809.479, 1378.561>;<0, 0, 0>;326;0;4294967295;255;-1;0;-1;;0;0;-1;-1;c3360_9011;c3360_9012;;;;;;;-1;-1;10100;
m12_02_00_00;グループ撃破報酬 Lv1 水没林後 EV前;SoulsFormats.MSB+Shape+Sphere;<1528.028, -782.444, 1811.955>;<0, 0, 0>;514;0;4294967295;255;-1;0;-1;;0;0;-1;-1;c3360_9150;c3360_9147;c3360_9148;c3360_9149;;;;;-1;-1;10100;
m12_02_00_00;グループ撃破報酬 Lv1 水没林後 犬ネズミ中央;SoulsFormats.MSB+Shape+Sphere;<1521.894, -788.063, 1771.265>;<0, 0, 0>;340;0;4294967295;255;-1;0;-1;;0;0;-1;-1;c4080_9001;c4080_9000;c4080_9002;c4080_9003;c4080_9004;c4080_9005;;;-1;-1;10100;
m12_02_00_00;グループ撃破報酬 Lv1 水没林手前水路 死臭蟹;SoulsFormats.MSB+Shape+Sphere;<957.342, -849.924, 1282.379>;<0, 0, 0>;324;0;4294967295;255;-1;0;-1;;0;0;-1;-1;c2270_9020;;;;;;;;-1;-1;10100;
m12_02_00_00;グループ撃破報酬 Lv1 水没林出口 祖霊信仰者;SoulsFormats.MSB+Shape+Sphere;<1504.29, -796.356, 1712.619>;<0, 0, 0>;338;0;4294967295;255;-1;0;-1;;0;0;-1;-1;c4080_9025;c3360_9146;c4080_9026;c4080_9027;c3360_9145;;;;-1;-1;10100;
m12_02_00_00;グループ撃破報酬 Lv1 水没林巡回 祖霊信仰者;SoulsFormats.MSB+Shape+Sphere;<1377.04, -818.402, 1358.763>;<0, 0, 0>;334;0;4294967295;255;-1;0;-1;;0;0;-1;-1;c3360_9050;c3360_9052;c3360_9051;;;;;;-1;-1;10100;
m12_02_00_00;グループ撃破報酬 Lv1 水没林地図前 祖霊信仰者;SoulsFormats.MSB+Shape+Sphere;<1132.788, -810.753, 1223.222>;<0, 0, 0>;331;0;4294967295;255;-1;0;-1;;0;0;-1;-1;c3360_9080;c3360_9082;c3360_9081;;;;;;-1;-1;10100;
m12_02_00_00;グループ撃破報酬 Lv1 水没林中央島 祖霊信仰者;SoulsFormats.MSB+Shape+Sphere;<1236.635, -821.128, 1382.424>;<0, 0, 0>;330;0;4294967295;255;-1;0;-1;;0;0;-1;-1;c3360_9031;c3360_9030;c3360_9032;;;;;;-1;-1;10100;
m12_02_00_00;グループ撃破報酬 Lv1 水没林入り口脇 祖霊信仰者;SoulsFormats.MSB+Shape+Sphere;<1050.067, -819.026, 1264.78>;<0, 0, 0>;325;0;4294967295;255;-1;0;-1;;0;0;-1;-1;c3360_9009;c3360_9008;;;;;;;-1;-1;10100;
m12_02_00_00;グループ撃破報酬 Lv1 祖霊信仰者 キャラバン灯火台前;SoulsFormats.MSB+Shape+Sphere;<1457.594, -810.639, 1326.174>;<0, 0, 0>;496;0;4294967295;255;-1;0;-1;;0;0;-1;-1;c3360_9074;c3360_9075;c3360_9076;c3360_9077;;;;;-1;-1;10100;
m12_02_00_00;グループ撃破報酬 Lv1 祖霊信仰者 祖霊手前;SoulsFormats.MSB+Shape+Sphere;<1423.809, -811.363, 1594.554>;<0, 0, 0>;511;0;4294967295;255;-1;0;-1;;0;0;-1;-1;c3360_9122;c3360_9121;c3360_9124;;;;;;-1;-1;10100;
m12_02_00_00;グループ撃破報酬 Lv1 祖霊信仰者 篝火手前灯火台;SoulsFormats.MSB+Shape+Sphere;<1468.989, -818.479, 1463.411>;<0, 0, 0>;510;0;4294967295;255;-1;0;-1;;0;0;-1;-1;c3360_9019;c3360_9018;;;;;;;-1;-1;10100;
m12_02_00_00;グループ撃破報酬 Lv1 地底森 最初 祖霊信仰者男女;SoulsFormats.MSB+Shape+Sphere;<1142.288, -622.606, 1440.096>;<0, 0, 0>;349;0;4294967295;255;-1;0;-1;;0;0;-1;-1;c3370_9100;c3360_9101;c3360_9100;;;;;;-1;-1;10100;
m12_02_00_00;グループ撃破報酬 Lv1 地底森 西 オオカミ１;SoulsFormats.MSB+Shape+Sphere;<974.517, -607.179, 1533.553>;<0, 0, 0>;355;0;4294967295;255;-1;0;-1;;0;0;-1;-1;c4070_9015;c4070_9016;c4070_9014;c4070_9017;;;;;-1;-1;10100;
m12_02_00_00;グループ撃破報酬 Lv1 地底森 西 オオカミ２;SoulsFormats.MSB+Shape+Sphere;<1011.237, -599.646, 1585.952>;<0, 0, 0>;356;0;4294967295;255;-1;0;-1;;0;0;-1;-1;c4070_9021;c4070_9019;c4070_9020;c4070_9018;;;;;-1;-1;10100;
m12_02_00_00;グループ撃破報酬 Lv1 地底森 西 ルーンウルフ１;SoulsFormats.MSB+Shape+Sphere;<987.35, -600.855, 1571.809>;<0, 0, 0>;357;0;4294967295;255;-1;0;-1;;0;0;-1;-1;c3181_9001;;;;;;;;-1;-1;10100;
m12_02_00_00;グループ撃破報酬 Lv1 地底森 東 奥の祖霊信仰者男;SoulsFormats.MSB+Shape+Sphere;<1143.746, -619.58, 1552.389>;<0, 0, 0>;353;0;4294967295;255;-1;0;-1;;0;0;-1;-1;c3360_9113;c3360_9112;c3360_9111;;;;;;-1;-1;10100;
m12_02_00_00;グループ撃破報酬 Lv1 地底森 東 鹿と戯れる男;SoulsFormats.MSB+Shape+Sphere;<1163.011, -623.25, 1517.522>;<0, 0, 0>;352;0;4294967295;255;-1;0;-1;;0;0;-1;-1;c3360_9104;c3360_9105;;;;;;;-1;-1;10100;
m12_02_00_00;グループ撃破報酬 Lv1 地底森 東 祖霊信仰者男２人;SoulsFormats.MSB+Shape+Sphere;<1129.436, -620.31, 1518.515>;<0, 0, 0>;351;0;4294967295;255;-1;0;-1;;0;0;-1;-1;c3360_9118;c3360_9116;;;;;;;-1;-1;10100;
m12_02_00_00;グループ撃破報酬 Lv2 マリカ遺跡２ コピースライム 室内;SoulsFormats.MSB+Shape+Sphere;<1024.479, -647.27, 1339.393>;<0, 0, 0>;369;0;4294967295;255;-1;0;-1;;0;0;-1;-1;c0000_9014;c3330_9000;c3300_9000;c3300_9001;;;;;-1;-1;10200;
m12_02_00_00;グループ撃破報酬 Lv2 マリカ遺跡２ コピースライム 大通り前半;SoulsFormats.MSB+Shape+Sphere;<970.894, -671.296, 1328.686>;<0, 0, 0>;371;0;4294967295;255;-1;0;-1;;0;0;-1;-1;c3320_9128;c3320_9125;c3320_9123;c3320_9129;c3320_9124;c0000_9016;c0000_9017;;-1;-1;10200;
m12_02_00_00;グループ撃破報酬 Lv2 マリカ遺跡２ トロル 大通り後半;SoulsFormats.MSB+Shape+Sphere;<970.894, -671.296, 1328.686>;<0, 0, 0>;372;0;4294967295;255;-1;0;-1;;0;0;-1;-1;c4600_9000;;;;;;;;-1;-1;10200;
m12_02_00_00;グループ撃破報酬 Lv2 遺跡水道 ゴッドフレイの十六騎士 滝;SoulsFormats.MSB+Shape+Sphere;<1304.06, -626.946, 1780.865>;<0, 0, 0>;375;0;4294967295;255;-1;0;-1;;0;0;-1;-1;c2500_9001;;;;;;;;-1;-1;10200;
m12_02_00_00;グループ撃破報酬 Lv2 遺跡水道 ゴッドフレイの十六騎士 入り口;SoulsFormats.MSB+Shape+Sphere;<1221.142, -630.97, 1748.405>;<0, 0, 0>;373;0;4294967295;255;-1;0;-1;;0;0;-1;-1;c2500_9000;;;;;;;;-1;-1;10200;
m12_02_00_00;グループ撃破報酬 Lv2 水没林 祖霊信仰者 犬ねずみ大;SoulsFormats.MSB+Shape+Sphere;<1447.546, -784.921, 1719.95>;<0, 0, 0>;339;0;4294967295;255;-1;0;-1;;0;0;-1;-1;c4080_9020;c4080_9021;c4080_9023;c4090_9000;c4080_9022;c3360_9151;c3360_9152;;-1;-1;10200;
m12_02_00_00;グループ撃破報酬 Lv2 地底森 祖霊の死体前;SoulsFormats.MSB+Shape+Sphere;<1075.412, -610.427, 1572.773>;<0, 0, 0>;354;0;4294967295;255;-1;0;-1;;0;0;-1;-1;c3370_9102;c3360_9141;c3360_9140;c3360_9142;;;;;-1;-1;10200;
m12_02_00_00;グループ撃破報酬 Lv2 地底森 中央 祖霊信仰者男女;SoulsFormats.MSB+Shape+Sphere;<1077.976, -619.686, 1492.576>;<0, 0, 0>;350;0;4294967295;255;-1;0;-1;;0;0;-1;-1;c3370_9101;c3360_9130;c3360_9134;c3360_9133;;;;;-1;-1;10200;
m12_02_00_00;集団配置ポイント Lv1 霊クラゲ 祭壇奥;SoulsFormats.MSB+Shape+Sphere;<1170.802, -588.082, 1669.369>;<0, 0, 0>;516;0;4294967295;255;-1;0;-1;;0;0;-1;-1;c4180_9000;c4180_9002;c4180_9001;c4180_9008;;;;;-1;-1;10000;
m12_02_00_00;集団配置ポイント Lv2 祖霊信仰者女 ルーンウルフ奥;SoulsFormats.MSB+Shape+Sphere;<980.069, -586.34, 1700.709>;<0, 0, 0>;515;0;4294967295;255;-1;0;-1;;0;0;144;-1;;;;;;;;;-1;-1;10200;
m12_03_00_00;グループ撃破報酬;SoulsFormats.MSB+Shape+Sphere;<-823.433, 91, -309.103>;<0, 0, 0>;266;0;4294967295;255;-1;0;-1;;0;0;-1;-1;c4315_9034;c4315_9032;c4315_9033;c4315_9030;c4315_9083;c4315_9085;c4315_9031;;-1;-1;10100;
m12_03_00_00;グループ撃破報酬 {2};SoulsFormats.MSB+Shape+Sphere;<-767.34, 77.026, -197.26>;<0, 0, 0>;265;0;4294967295;255;-1;0;-1;;0;0;-1;-1;c4355_9005;c4315_9025;c4315_9026;;;;;;-1;-1;10100;
m12_03_00_00;グループ撃破報酬 {3};SoulsFormats.MSB+Shape+Sphere;<-728.961, 78.286, -137.401>;<0, 0, 0>;264;0;4294967295;255;-1;0;-1;;0;0;-1;-1;c4315_9080;c4315_9078;c4315_9077;c4315_9079;;;;;-1;-1;10100;
m12_03_00_00;グループ撃破報酬 {4};SoulsFormats.MSB+Shape+Sphere;<-662.692, 85.662, -99.875>;<0, 0, 0>;263;0;4294967295;255;-1;0;-1;;0;0;-1;-1;c4355_9010;;;;;;;;-1;-1;10100;
m12_03_00_00;グループ撃破報酬 {5};SoulsFormats.MSB+Shape+Sphere;<-669.718, 77.586, -89.504>;<0, 0, 0>;262;0;4294967295;255;-1;0;-1;;0;0;-1;-1;c4315_9061;c4315_9059;c4315_9060;c4315_9058;;;;;-1;-1;10100;
m12_03_00_00;グループ撃破報酬 {6};SoulsFormats.MSB+Shape+Sphere;<-645.241, 77.91, -104.458>;<0, 0, 0>;261;0;4294967295;255;-1;0;-1;;0;0;-1;-1;c4315_9054;c4315_9056;c4315_9055;c4315_9057;;;;;-1;-1;10100;
m12_03_00_00;グループ撃破報酬 {7};SoulsFormats.MSB+Shape+Sphere;<-870.781, 94.46, -322.245>;<0, 0, 0>;267;0;4294967295;255;-1;0;-1;;0;0;-1;-1;c4355_9006;c4355_9007;;;;;;;-1;-1;10200;
m12_03_00_00;グループ撃破報酬 {8};SoulsFormats.MSB+Shape+Sphere;<-601.066, 75.802, -200.421>;<0, 0, 0>;260;0;4294967295;255;-1;0;-1;;0;0;-1;-1;c4315_9045;c4315_9042;c4315_9044;;;;;;-1;-1;10100;
m12_03_00_00;グループ撃破報酬 {9};SoulsFormats.MSB+Shape+Sphere;<-585.75, 75.802, -229.508>;<0, 0, 0>;259;0;4294967295;255;-1;0;-1;;0;0;-1;-1;c4365_9002;c4355_9004;;;;;;;-1;-1;10100;
m12_03_00_00;グループ撃破報酬 {10};SoulsFormats.MSB+Shape+Sphere;<-631.866, 83.368, -311.308>;<0, 0, 0>;258;0;4294967295;255;-1;0;-1;;0;0;-1;-1;c4630_9001;;;;;;;;-1;-1;10200;
m12_03_00_00;グループ撃破報酬 {11};SoulsFormats.MSB+Shape+Sphere;<-668.084, 75.802, -235.744>;<0, 0, 0>;257;0;4294967295;255;-1;0;-1;;0;0;-1;-1;c4315_9082;c4315_9076;c4315_9074;c4315_9081;c4315_9075;c4315_9073;;;-1;-1;10100;
m12_03_00_00;グループ撃破報酬 {12};SoulsFormats.MSB+Shape+Sphere;<-721.138, 75.811, -234.227>;<0, 0, 0>;256;0;4294967295;255;-1;0;-1;;0;0;-1;-1;c4365_9001;c4355_9003;;;;;;;-1;-1;10100;
m12_03_00_00;グループ撃破報酬 {13};SoulsFormats.MSB+Shape+Sphere;<-786.331, 75.811, -325.137>;<0, 0, 0>;255;0;4294967295;255;-1;0;-1;;0;0;-1;-1;c4315_9065;c4315_9064;c4315_9063;;;;;;-1;-1;10100;
m12_03_00_00;グループ撃破報酬 {14};SoulsFormats.MSB+Shape+Sphere;<-808.937, 75.802, -362.374>;<0, 0, 0>;254;0;4294967295;255;-1;0;-1;;0;0;-1;-1;c4355_9002;c4315_9002;c4315_9004;;;;;;-1;-1;10100;
m12_03_00_00;グループ撃破報酬 {15};SoulsFormats.MSB+Shape+Sphere;<-439.102, 149.378, -496.707>;<0, 0, 0>;239;0;4294967295;255;-1;0;-1;;0;0;-1;-1;c4280_9082;c4280_9081;c4281_9000;;;;;;-1;-1;10100;
m12_03_00_00;グループ撃破報酬 {16};SoulsFormats.MSB+Shape+Sphere;<-500.286, 158.948, -370.352>;<0, 0, 0>;211;0;4294967295;255;-1;0;-1;;0;0;-1;-1;c4770_9007;;;;;;;;-1;-1;10100;
m12_03_00_00;グループ撃破報酬 {17};SoulsFormats.MSB+Shape+Sphere;<-509.415, 146.948, -367.255>;<0, 0, 0>;210;0;4294967295;255;-1;0;-1;;0;0;-1;-1;c4770_9008;;;;;;;;-1;-1;10100;
m12_03_00_00;グループ撃破報酬 {18};SoulsFormats.MSB+Shape+Sphere;<-581.928, 129.764, -350.013>;<0, 0, 0>;208;0;4294967295;255;-1;0;-1;;0;0;-1;-1;c4770_9004;;;;;;;;-1;-1;10100;
m12_03_00_00;グループ撃破報酬 {19};SoulsFormats.MSB+Shape+Sphere;<-648.15, 91.57, -442.657>;<0, 0, 0>;207;0;4294967295;255;-1;0;-1;;0;0;-1;-1;c4365_9000;c4355_9000;;;;;;;-1;-1;10100;
m12_03_00_00;グループ撃破報酬 {20};SoulsFormats.MSB+Shape+Sphere;<-617.174, 97.901, -436.846>;<0, 0, 0>;206;0;4294967295;255;-1;0;-1;;0;0;-1;-1;c4770_9001;;;;;;;;-1;-1;10100;
m12_03_00_00;グループ撃破報酬 {21};SoulsFormats.MSB+Shape+Sphere;<-476.993, 82.93, -636.73>;<0, 0, 0>;274;0;4294967295;255;-1;0;-1;;0;0;-1;-1;c4280_9065;c4280_9063;c4280_9060;c4280_9061;c4280_9062;c4280_9064;c4280_9066;;-1;-1;10100;
m12_03_00_00;グループ撃破報酬 {22};SoulsFormats.MSB+Shape+Sphere;<-546.237, 91.599, -454.277>;<0, 0, 0>;202;0;4294967295;255;-1;0;-1;;0;0;-1;-1;c4770_9000;;;;;;;;-1;-1;10100;
m12_03_00_00;グループ撃破報酬 {23};SoulsFormats.MSB+Shape+Sphere;<-598.906, 91.817, -411.973>;<0, 0, 0>;201;0;4294967295;255;-1;0;-1;;0;0;-1;-1;c4315_9066;c4315_9067;c4315_9068;;;;;;-1;-1;10100;
m12_03_00_00;グループ撃破報酬 {24};SoulsFormats.MSB+Shape+Sphere;<-273.943, 118.151, -632.884>;<0, 0, 0>;273;0;4294967295;255;-1;0;-1;;0;0;-1;-1;c4280_9014;c4280_9013;c4280_9012;c4280_9011;c4280_9010;;;;-1;-1;10100;
m12_03_00_00;グループ撃破報酬 {25};SoulsFormats.MSB+Shape+Sphere;<-458.68, 93.603, -449.684>;<0, 0, 0>;200;0;4294967295;255;-1;0;-1;;0;0;-1;-1;c4630_9000;;;;;;;;-1;-1;10200;
m12_03_00_00;グループ撃破報酬 {26};SoulsFormats.MSB+Shape+Sphere;<-532.088, 87.27, -687.038>;<0, 0, 0>;199;0;4294967295;255;-1;0;-1;;0;0;-1;-1;c4280_9079;c4280_9078;;;;;;;-1;-1;10100;
m12_03_00_00;グループ撃破報酬 {27};SoulsFormats.MSB+Shape+Sphere;<-479.382, 88.281, -587.347>;<0, 0, 0>;191;0;4294967295;255;-1;0;-1;;0;0;-1;-1;c4280_9073;c4280_9072;c4280_9074;c4280_9070;c4280_9075;c4280_9071;;;-1;-1;10100;
m12_03_00_00;グループ撃破報酬 {28};SoulsFormats.MSB+Shape+Sphere;<-735.507, 75.811, -349.968>;<0, 0, 0>;243;0;4294967295;255;-1;0;-1;;0;0;-1;-1;c4315_9020;c4315_9021;c4315_9022;c4315_9023;;;;;-1;-1;10100;
m12_03_00_00;グループ撃破報酬 {29};SoulsFormats.MSB+Shape+Sphere;<-520.641, 137.276, -353.369>;<0, 0, 0>;209;0;4294967295;255;-1;0;-1;;0;0;-1;-1;c4770_9006;;;;;;;;-1;-1;10100;
m12_03_00_00;グループ撃破報酬 {30};SoulsFormats.MSB+Shape+Sphere;<-172.567, 159.128, -657.603>;<0, 0, 0>;272;0;4294967295;255;-1;0;-1;;0;0;-1;-1;c4280_9004;c4280_9005;c4280_9007;;;;;;-1;-1;10100;
m12_03_00_00;グループ撃破報酬 {31};SoulsFormats.MSB+Shape+Sphere;<-189.733, 240.889, -569.609>;<0, 0, 0>;271;0;4294967295;255;-1;0;-1;;0;0;-1;-1;c4280_9001;c4280_9003;c4280_9002;;;;;;-1;-1;10100;
m12_03_00_00;グループ撃破報酬 {32};SoulsFormats.MSB+Shape+Sphere;<-497.123, 91.57, -367.5>;<0, 0, 0>;270;0;4294967295;255;-1;0;-1;;0;0;-1;-1;c4770_9003;;;;;;;;-1;-1;10100;
m12_03_00_00;グループ撃破報酬 {33};SoulsFormats.MSB+Shape+Sphere;<-579.801, 91.57, -328.462>;<0, 0, 0>;269;0;4294967295;255;-1;0;-1;;0;0;-1;-1;c4355_9001;;;;;;;;-1;-1;10100;
m12_03_00_00;グループ撃破報酬 {34};SoulsFormats.MSB+Shape+Sphere;<-706.05, 75.948, -334.93>;<0, 0, 0>;226;0;4294967295;255;-1;0;-1;;0;0;-1;-1;;;;c4315_9013;;;;;-1;-1;10200;
m12_03_00_00;グループ撃破報酬 {35};SoulsFormats.MSB+Shape+Sphere;<-366.97, 78.123, -557.68>;<0, 0, 0>;227;0;4294967295;255;-1;0;-1;;0;0;-1;-1;;;;;;;;;-1;-1;10200;
m12_03_00_00;グループ撃破報酬 {36};SoulsFormats.MSB+Shape+Sphere;<-274.888, 101.245, -525.444>;<0, 0, 0>;228;0;4294967295;255;-1;0;-1;;0;0;-1;-1;;;;c4280_9030;c4280_9035;c4280_9034;c4280_9033;c4280_9036;-1;-1;10200;
m12_03_00_00;グループ撃破報酬 {37};SoulsFormats.MSB+Shape+Sphere;<-323.858, 91.61, -491.85>;<0, 0, 0>;278;0;4294967295;255;-1;0;-1;;0;0;72;-1;;;;;;;;;-1;-1;10200;
m12_03_00_00;グループ撃破報酬 {38};SoulsFormats.MSB+Shape+Sphere;<-688.745, 75.8, -269.955>;<0, 0, 0>;225;0;4294967295;255;-1;0;-1;;0;0;-1;-1;;;;c4315_9015;c4315_9014;;;;-1;-1;10200;
m12_03_00_00;グループ撃破報酬 {39};SoulsFormats.MSB+Shape+Sphere;<-761.309, 95.142, -230.631>;<0, 0, 0>;279;0;4294967295;255;-1;0;-1;;0;0;-1;-1;c4150_9071;c4150_9070;c4150_9002;;;;;;-1;-1;10000;
m12_03_00_00;グループ撃破報酬 {40};SoulsFormats.MSB+Shape+Sphere;<-546.355, 91.644, -337.73>;<0, 0, 0>;294;0;4294967295;255;-1;0;-1;;0;0;-1;-1;c4150_9027;c4150_9052;c4150_9051;c4150_9024;;;;;-1;-1;10100;
m12_03_00_00;グループ撃破報酬 {41};SoulsFormats.MSB+Shape+Sphere;<-601.273, 91.57, -378.521>;<0, 0, 0>;302;0;4294967295;255;-1;0;-1;;0;0;-1;-1;c4150_9028;c4150_9033;;;;;;;-1;-1;10000;
m12_03_00_00;グループ撃破報酬 {42};SoulsFormats.MSB+Shape+Sphere;<-594.93, 91.632, -345.83>;<0, 0, 0>;303;0;4294967295;255;-1;0;-1;;0;0;-1;-1;c4150_9060;c4150_9059;;;;;;;-1;-1;10000;
m12_03_00_00;グループ撃破報酬 {43};SoulsFormats.MSB+Shape+Sphere;<-500.98, 91.57, -426.81>;<0, 0, 0>;293;0;4294967295;255;-1;0;-1;;0;0;-1;-1;c4150_9017;c4150_9016;;;;;;;-1;-1;10000;
m12_03_00_00;グループ撃破報酬 {44};SoulsFormats.MSB+Shape+Sphere;<-755.39, 105.192, -268.27>;<0, 0, 0>;288;0;4294967295;255;-1;0;-1;;0;0;-1;-1;c4150_9005;c4150_9006;;;;;;;-1;-1;10000;
m12_03_00_00;グループ撃破報酬 {45};SoulsFormats.MSB+Shape+Sphere;<-799.871, 107.824, -241.759>;<0, 0, 0>;289;0;4294967295;255;-1;0;-1;;0;0;-1;-1;c4150_9073;c4150_9007;c4150_9003;;;;;;-1;-1;10000;
m12_03_00_00;グループ撃破報酬 {46};SoulsFormats.MSB+Shape+Sphere;<-567.287, 91.57, -481.951>;<0, 0, 0>;290;0;4294967295;255;-1;0;-1;;0;0;-1;-1;c4150_9038;c4150_9026;c4150_9037;c4150_9039;;;;;-1;-1;10100;
m12_03_00_00;グループ撃破報酬 {47};SoulsFormats.MSB+Shape+Sphere;<-516.753, 91.661, -498.9>;<0, 0, 0>;291;0;4294967295;255;-1;0;-1;;0;0;-1;-1;c4150_9014;c4150_9012;c4150_9010;;;;;;-1;-1;10000;
m12_03_00_00;グループ撃破報酬 {48};SoulsFormats.MSB+Shape+Sphere;<-513.378, 92.968, -464.951>;<0, 0, 0>;292;0;4294967295;255;-1;0;-1;;0;0;70;-1;;;;;;;;;-1;-1;10200;
m12_03_00_00;グループ撃破報酬 {49};SoulsFormats.MSB+Shape+Sphere;<-711.464, 111.064, -276.213>;<0, 0, 0>;268;0;4294967295;255;-1;0;-1;;0;0;-1;-1;c4355_9008;;;;;;;;-1;-1;10100;
m12_05_00_00;強度Lv0 最初の坂 カエル人 非戦闘;SoulsFormats.MSB+Shape+Sphere;<1908.849, -602.764, 1146.334>;<0, 0, 0>;105;0;4294967295;255;-1;0;-1;;0;0;49;-1;;;;;;;;;-1;-1;10000;
m12_05_00_00;強度Lv1 カエル人 キャラバン;SoulsFormats.MSB+Shape+Sphere;<1837.217, -621.775, 1319.415>;<0, 0, 0>;343;0;4294967295;255;-1;0;-1;;0;0;-1;-1;c3470_9109;c3470_9108;c3470_9107;c3470_9106;c3470_9104;c3470_9103;c3470_9105;;-1;-1;10100;
m12_05_00_00;強度Lv1 地の沼ゾーン 草地 亡者犬 ;SoulsFormats.MSB+Shape+Sphere;<1710.101, -620.624, 1227.143>;<0, 0, 0>;112;0;4294967295;255;-1;0;-1;;0;0;-1;-1;c4165_9020;c4165_9017;c4165_9016;c4165_9018;c4165_9015;c4165_9019;;;-1;-1;10100;
m12_05_00_00;強度Lv1 地底山道中 蠢く腐肉;SoulsFormats.MSB+Shape+Sphere;<1705.689, -589.059, 1162.041>;<0, 0, 0>;104;0;4294967295;255;-1;0;-1;;0;0;-1;-1;c4171_9000;;;;;;;;-1;-1;10100;
m12_05_00_00;強度Lv1 亡者犬 岩１;SoulsFormats.MSB+Shape+Sphere;<1818.056, -619.135, 1144.167>;<0, 0, 0>;354;0;4294967295;255;-1;0;-1;;0;0;-1;-1;c4165_9004;c4165_9003;c4165_9006;c4165_9000;c4165_9005;;;;-1;-1;10100;
m12_05_00_00;強度Lv1 亡者犬 岩２;SoulsFormats.MSB+Shape+Sphere;<1781.969, -618.503, 1158.402>;<0, 0, 0>;355;0;4294967295;255;-1;0;-1;;0;0;-1;-1;c4165_9008;c4165_9009;c4165_9007;;;;;;-1;-1;10100;
m12_05_00_00;強度Lv1 亡者犬 岩３;SoulsFormats.MSB+Shape+Sphere;<1752.426, -620.033, 1180.483>;<0, 0, 0>;357;0;4294967295;255;-1;0;-1;;0;0;-1;-1;c4165_9010;c4165_9012;c4165_9011;c4165_9013;c4165_9014;;;;-1;-1;10100;
m12_05_00_00;強度Lv1 亡者犬 岩４;SoulsFormats.MSB+Shape+Sphere;<1823.702, -616.944, 1166.899>;<0, 0, 0>;347;0;4294967295;255;-1;0;-1;;0;0;-1;-1;c4165_9002;c4165_9001;;;;;;;-1;-1;10100;
m12_05_00_00;強度Lv1_キャンプ１ カエル人小隊;SoulsFormats.MSB+Shape+Sphere;<1880.771, -621.785, 1271.647>;<0, 0, 0>;103;0;4294967295;255;-1;0;-1;;0;0;-1;-1;c3470_9030;c3470_9036;c3470_9035;c3470_9034;;;;;-1;-1;-1;
m12_05_00_00;強度Lv1_キャンプ２ カエル人;SoulsFormats.MSB+Shape+Sphere;<1880.771, -621.785, 1271.647>;<0, 0, 0>;113;0;4294967295;255;-1;0;-1;;0;0;47;-1;;;;;;;;;-1;-1;10100;
m12_05_00_00;強度Lv1_キャンプ３ カエル人;SoulsFormats.MSB+Shape+Sphere;<1824.672, -621.415, 1326.441>;<0, 0, 0>;116;0;4294967295;255;-1;0;-1;;0;0;-1;-1;c3470_9080;c3470_9083;c3470_9081;c3470_9082;;;;;-1;-1;10100;
m12_05_00_00;強度Lv1_キャンプ４ カエル人;SoulsFormats.MSB+Shape+Sphere;<1868.541, -621.785, 1339.061>;<0, 0, 0>;118;0;4294967295;255;-1;0;-1;;0;0;-1;-1;c3470_9117;c3470_9116;c3470_9115;c3470_9114;;;;;-1;-1;10100;
m12_05_00_00;強度Lv1_下り坂 カエル人小隊;SoulsFormats.MSB+Shape+Sphere;<1895.784, -619.439, 1221.807>;<0, 0, 0>;95;0;4294967295;255;-1;0;-1;;0;0;-1;-1;c3470_9020;c3470_9021;c3470_9022;c3470_9023;c3470_9024;c3470_9025;c3470_9026;c3470_9027;-1;-1;-1;
m12_05_00_00;強度Lv1_巨大骸骨 ;SoulsFormats.MSB+Shape+Sphere;<1757.486, -620.566, 1409.966>;<0, 0, 0>;184;0;4294967295;255;-1;0;-1;;0;0;-1;-1;c3471_9002;c3471_9001;c3471_9003;;;;;;-1;-1;10100;
m12_05_00_00;強度Lv1_血沼地帯 カラスティラノ最初;SoulsFormats.MSB+Shape+Sphere;<1858.153, -621.785, 1154.022>;<0, 0, 0>;186;0;4294967295;255;-1;0;-1;;0;0;-1;-1;c4561_9000;;;;;;;;-1;-1;10200;
m12_05_00_00;強度Lv1_血沼地帯 カラスティラノ最中央;SoulsFormats.MSB+Shape+Sphere;<1807.49, -618.551, 1143.126>;<0, 0, 0>;187;0;4294967295;255;-1;0;-1;;0;0;-1;-1;c4561_9006;;;;;;;;-1;-1;10200;
m12_05_00_00;強度Lv1_最初 カエル人小隊;SoulsFormats.MSB+Shape+Sphere;<1917.908, -607.047, 1158.901>;<0, 0, 0>;93;0;4294967295;255;-1;0;-1;;0;0;-1;-1;c3470_9001;c3470_9010;c3470_9013;c3470_9008;;;;;-1;-1;-1;
m12_05_00_00;強度Lv1_地底山内部 デーモンの血の信徒１;SoulsFormats.MSB+Shape+Sphere;<1580.512, -572.788, 1158.819>;<0, 0, 0>;190;0;4294967295;255;-1;0;-1;;0;0;-1;-1;c3550_9000;;;;;;;;-1;-1;10100;
m12_05_00_00;強度Lv1_地底山内部 デーモンの血の信徒２;SoulsFormats.MSB+Shape+Sphere;<1582.371, -572.448, 1163.364>;<0, 0, 0>;191;0;4294967295;255;-1;0;-1;;0;0;-1;-1;c3550_9001;;;;;;;;-1;-1;10100;
m12_05_00_00;強度Lv1_地底山内部 デーモンの血の信徒３;SoulsFormats.MSB+Shape+Sphere;<1547.718, -572.255, 1169.521>;<0, 0, 0>;192;0;4294967295;255;-1;0;-1;;0;0;-1;-1;c3550_9002;;;;;;;;-1;-1;10100;
m12_05_00_00;強度Lv1_地底山内部 デーモンの血の信徒４;SoulsFormats.MSB+Shape+Sphere;<1551.891, -572.005, 1195.839>;<0, 0, 0>;193;0;4294967295;255;-1;0;-1;;0;0;-1;-1;c3550_9003;;;;;;;;-1;-1;10100;
m12_05_00_00;強度Lv1_洞窟 カエル人;SoulsFormats.MSB+Shape+Sphere;<1880.617, -621.785, 1377.574>;<0, 0, 0>;119;0;4294967295;255;-1;0;-1;;0;0;-1;-1;c3470_9126;c3470_9125;c3470_9128;c3470_9123;c3470_9129;c3470_9124;c3470_9127;;-1;-1;10100;
m12_05_00_00;強度Lv2_巨大骸骨３体;SoulsFormats.MSB+Shape+Sphere;<1796.943, -620.344, 1378.2>;<0, 0, 0>;185;0;4294967295;255;-1;0;-1;;0;0;-1;-1;c3471_9000;;;;;;;;-1;-1;10200;
m12_05_00_00;強度Lv2_血沼地帯 カラスティラノ遺跡前;SoulsFormats.MSB+Shape+Sphere;<1728.166, -620.641, 1133.466>;<0, 0, 0>;188;0;4294967295;255;-1;0;-1;;0;0;-1;-1;c4561_9003;c4561_9002;;;;;;;-1;-1;10200;
m12_05_00_00;強度Lv2_血沼地帯 カラスティラノ出口;SoulsFormats.MSB+Shape+Sphere;<1755.914, -621.443, 1216.132>;<0, 0, 0>;189;0;4294967295;255;-1;0;-1;;0;0;-1;-1;c4561_9005;c4561_9004;;;;;;;-1;-1;10200;
m12_05_00_00;強度Lv2_地底山頂上 デーモンの血の信徒小隊;SoulsFormats.MSB+Shape+Sphere;<1651.085, -557.708, 1188.288>;<0, 0, 0>;194;0;4294967295;255;-1;0;-1;;0;0;-1;-1;c3550_9007;c3470_9091;c3470_9090;c3470_9092;c3470_9094;c3470_9096;c3470_9093;c3470_9095;-1;-1;10200;
m12_07_00_00;集団配置ポイント バディ汎用 最初の部屋;SoulsFormats.MSB+Shape+Sphere;<698.617, -576.781, 1209.671>;<0, 0, 0>;169;0;4294967295;255;-1;0;-1;;0;0;-1;-1;c7000_9000;c7000_9001;c7000_9002;c7000_9027;c7000_9026;;;;-1;-1;10100;
m12_07_00_00;集団配置ポイント バディ汎用 中央;SoulsFormats.MSB+Shape+Sphere;<765.34, -585.068, 1263.932>;<0, 0, 0>;168;0;4294967295;255;-1;0;-1;;0;0;-1;-1;c7000_9008;c7000_9006;c7000_9007;c7000_9025;c7000_9004;c7000_9005;;;-1;-1;10100;
m12_07_00_00;集団配置ポイント バディ汎用 部屋の外;SoulsFormats.MSB+Shape+Sphere;<810.899, -584.082, 1213.463>;<0, 0, 0>;172;0;4294967295;255;-1;0;-1;;0;0;-1;-1;c7000_9017;c7000_9015;c7000_9016;;;;;;-1;-1;10000;
m12_07_00_00;集団配置ポイント バディ汎用 部屋内;SoulsFormats.MSB+Shape+Sphere;<794.553, -583.686, 1206.815>;<0, 0, 0>;171;0;4294967295;255;-1;0;-1;;0;0;-1;-1;c7000_9014;c7000_9013;;;;;;;-1;-1;10000;
m12_07_00_00;集団配置ポイント バディ汎用 墓;SoulsFormats.MSB+Shape+Sphere;<827.317, -583.568, 1234.155>;<0, 0, 0>;173;0;4294967295;255;-1;0;-1;;0;0;-1;-1;c7000_9023;c7000_9022;;;;;;;-1;-1;10000;
m12_07_00_00;集団配置ポイント バディ汎用 墓２;SoulsFormats.MSB+Shape+Sphere;<836.094, -583.568, 1213.663>;<0, 0, 0>;174;0;4294967295;255;-1;0;-1;;0;0;-1;-1;c7000_9021;c7000_9020;;;;;;;-1;-1;10000;
m12_07_00_00;集団配置ポイント バディ汎用 脇の茂み;SoulsFormats.MSB+Shape+Sphere;<778.314, -583.568, 1206.18>;<0, 0, 0>;170;0;4294967295;255;-1;0;-1;;0;0;-1;-1;c7000_9028;c7000_9012;c7000_9011;;;;;;-1;-1;10000;
m12_07_00_00;集団配置ポイント マリカスライム クレーター 屋根上;SoulsFormats.MSB+Shape+Sphere;<678.425, -552.161, 1078.307>;<0, 0, 0>;55;0;4294967295;255;-1;0;-1;;0;0;-1;-1;c3320_9012;c3320_9010;c3320_9011;c3320_9013;;;;;-1;-1;10100;
m12_07_00_00;集団配置ポイント マリカスライム クレーター 最後;SoulsFormats.MSB+Shape+Sphere;<687.299, -565.062, 1108.16>;<0, 0, 0>;56;0;4294967295;255;-1;0;-1;;0;0;-1;-1;c3320_9021;c3320_9022;c3320_9020;;;;;;-1;-1;10100;
m12_07_00_00;集団配置ポイント マリカスライム クレーター 最初;SoulsFormats.MSB+Shape+Sphere;<654.254, -556.209, 1089.136>;<0, 0, 0>;54;0;4294967295;255;-1;0;-1;;0;0;-1;-1;c3320_9000;c3320_9001;;;;;;;-1;-1;10100;
m12_07_00_00;集団配置ポイント マリカスライム マリカ遺跡 広場;SoulsFormats.MSB+Shape+Sphere;<772.66, -585.068, 1253.02>;<0, 0, 0>;58;0;4294967295;255;-1;0;-1;;0;0;-1;-1;c3300_9010;c3300_9012;c3320_9032;;;;;;-1;-1;10200;
m12_07_00_00;集団配置ポイント マリカスライム マリカ遺跡 最後;SoulsFormats.MSB+Shape+Sphere;<865.665, -600.805, 1234.227>;<0, 0, 0>;53;0;4294967295;255;-1;0;-1;;0;0;-1;-1;c3300_9018;c3320_9050;;;;;;;-1;-1;10100;
m12_07_00_00;集団配置ポイント マリカスライム マリカ遺跡 最初;SoulsFormats.MSB+Shape+Sphere;<692.31, -576.781, 1191.695>;<0, 0, 0>;57;0;4294967295;255;-1;0;-1;;0;0;-1;-1;c3300_9000;;;;;;;;-1;-1;10100;
m12_07_00_00;集団配置ポイント マリカスライム マリカ遺跡 室内;SoulsFormats.MSB+Shape+Sphere;<791.55, -583.686, 1214.871>;<0, 0, 0>;52;0;4294967295;255;-1;0;-1;;0;0;-1;-1;c3320_9041;c3320_9043;c3320_9040;c3320_9042;c3300_9015;;;;-1;-1;10200;
m12_07_00_00;集団配置ポイント マリカスライム マリカ遺跡 脇;SoulsFormats.MSB+Shape+Sphere;<743.204, -583.139, 1208.218>;<0, 0, 0>;59;0;4294967295;255;-1;0;-1;;0;0;-1;-1;c3320_9036;c3320_9035;;;;;;;-1;-1;10100;
m12_07_00_00;集団配置ポイント ルーン喰らい ルーン喰らい遺跡 遺跡上;SoulsFormats.MSB+Shape+Sphere;<840.424, -877.574, 1245.019>;<0, 0, 0>;48;0;4294967295;255;-1;0;-1;;0;0;-1;-1;c3750_9040;c3750_9041;;;;;;;-1;-1;10100;
m12_07_00_00;集団配置ポイント ルーン喰らい ルーン喰らい遺跡 遺跡内;SoulsFormats.MSB+Shape+Sphere;<820.123, -903.806, 1229.734>;<0, 0, 0>;43;0;4294967295;255;-1;0;-1;;0;0;-1;-1;c3750_9021;c3750_9020;c3750_9024;c3750_9023;c3750_9025;c3750_9026;;;-1;-1;10100;
m12_07_00_00;集団配置ポイント ルーン喰らい ルーン喰らい遺跡 遺跡内階段;SoulsFormats.MSB+Shape+Sphere;<842.943, -901.272, 1274.8>;<0, 0, 0>;44;0;4294967295;255;-1;0;-1;;0;0;-1;-1;;;;;;;;;-1;-1;10100;
m12_07_00_00;集団配置ポイント ルーン喰らい ルーン喰らい遺跡 水門;SoulsFormats.MSB+Shape+Sphere;<930.195, -891.127, 1323.16>;<0, 0, 0>;49;0;4294967295;255;-1;0;-1;;0;0;-1;-1;c3750_9072;c3750_9070;c3750_9071;c3750_9075;c3750_9076;c3750_9074;c3750_9073;;-1;-1;10100;
m12_07_00_00;集団配置ポイント ルーン喰らい ルーン喰らい遺跡 川側１;SoulsFormats.MSB+Shape+Sphere;<798.815, -908.239, 1268.897>;<0, 0, 0>;50;0;4294967295;255;-1;0;-1;;0;0;-1;-1;c3750_9053;c3750_9052;c3750_9051;c3750_9054;c3750_9050;c3750_9056;c3750_9055;;-1;-1;10100;
m32_01_00_00;Runtime_Point_190305_16511600;SoulsFormats.MSB+Shape+Sphere;<98.59, 61.72, 3.379>;<0, 24.02, 0>;14;0;4294967295;255;-1;0;-1;;0;3201000;-1;-1;;;;;;;;;-1;-1;-1;
m32_01_00_00;Runtime_Point_190305_16583500;SoulsFormats.MSB+Shape+Sphere;<101.105, 12.514, 57.453>;<-0, -134.431, 3.489>;15;0;4294967295;255;-1;0;-1;;0;3201001;-1;-1;;;;;;;;;-1;-1;-1;
